id;Tbf;Taf;raw.decrease;norm.decrease;normEBS.decrease;het.decrease;plateau_slope;maxfluo;well_pcr;sample;calib;pop;generation;ratio;plate_qpcr_id;competition;experiment_batch;setup;predicted_freq
plate1#A10;80.31;85.47;0;0;0;0;0.00497598317608221;7.23642482306136;A10;3;NA;3;0;NA;plate1;V5;VFP;3;0.101584919828839
plate1#A19;80.31;85.5;0;0;NA;0;0;8.12078025227498;A19;5-25%;calib;5-25%;NA;25%;plate1;V5;NA;NA;NA
plate1#A20;78.88;85.77;0.0984465766455854;0.00628298330954982;0.0496648803143398;0;0.000889615026528966;7.24409092990842;A20;G3-Z04;NA;Z04;3;NA;plate1;V5;VFP;4;0.393372571882995
plate1#A21;80.34;85.47;0;0;0;0;0.00427165507229534;7.45066817461866;A21;G1-N05;NA;N05;1;NA;plate1;V5;RA;5&6;0.101584919828839
plate1#A5;77.38;85.47;0.0954762767897495;0.0188967999828613;0.0604157264742407;0;0;7.62239564126801;A5;G3-Z04;NA;Z04;3;NA;plate1;V5;VFP;4;0.43959766276626
plate1#B10;77.72;85.41;0.134851380884644;0.0330212573718777;0.0834382048085695;0;0;6.9871588220374;B10;G3-Z01;NA;Z01;3;NA;plate1;V5;DW;1;0.508483507582679
plate1#B12;77.38;85.41;0.138576118162208;0.0247795928643593;0.0848058190308359;0;0.00404415558653854;7.47384115083428;B12;G1-N02;NA;N02;1;NA;plate1;V5;DW;2;0.511727890185308
plate1#B16;77.07;85.47;0.161289532415598;0.0221452063557083;0.0902294464467022;0;0.00259133771586664;6.77636033022422;B16;G1-N05;NA;N05;1;NA;plate1;V5;RA;5&6;0.524366570626014
plate1#B18;78.12;85.47;0.123876674337132;0.00797767420212973;0.0575908608955864;0;0.00154294438822838;7.94030509327243;B18;G1-Z05;NA;Z05;1;NA;plate1;V5;RA;5&6;0.428341976842387
plate1#B19;80.42;85.77;0;0;0;0;0.000726135204106831;8.37500011686994;B19;G1-N05;NA;N05;1;NA;plate1;V5;RA;5&6;0.101584919828839
plate1#B2;78.88;85.47;0.0830159732142474;0.00867385794184884;0.0296242427394265;0;0;8.23046812669365;B2;G1-N01;NA;N01;1;NA;plate1;V5;DW;1;0.286768357080864
plate1#B21;78.53;85.8;0.12841503430549;0.0350416253952021;NA;0;0;8.72369324694249;B21;G1-Z02;NA;Z02;1;NA;plate1;V5;DW;2;NA
plate1#B22;77.64;85.5;0.177705565199231;0.0626965888854355;0.122226776234853;0;0;8.16288344085078;B22;G3-Z06;NA;Z06;3;NA;plate1;V5;RA;5&6;0.600365223317799
plate1#B5;77.72;85.41;0.11886915630908;0.0123851330149537;0.0642782903616561;NA;0.00329834789010511;8.21134596225193;B5;G1-N01;NA;N01;1;NA;plate1;V5;DW;1;0.45387131533386
plate1#C11;77.57;85.33;0.134696996426402;0.0422807223725336;0.0884812647329008;0;0.000761902087146886;7.53861733424516;C11;G1-Z06;NA;Z06;1;NA;plate1;V5;RA;5&6;0.520311648650666
plate1#C21;77.14;84.36;1;1;1;0;0.00873072307365027;8.4924640323972;C21;5-100%;calib;5-100%;NA;100%;plate1;V5;NA;NA;1.0000005915119
plate1#C24;79.05;85.77;0;0;0;0;0.00457508861933276;7.14182973248532;C24;4;NA;4;0;NA;plate1;V5;VFP;4;0.101584919828839
plate1#D1;78.82;85.72;0;0;0;0;0.00171477500806289;8.74015299637711;D1;G1-N03;NA;N03;1;NA;plate1;V5;VFP;3;0.101584919828839
plate1#D10;77.64;85.33;0.146164403543274;0.0197277688901563;NA;0;0;6.9972685419396;D10;G1-Z06;NA;Z06;1;NA;plate1;V5;RA;5&6;NA
plate1#D12;80.22;85.47;0;0;0;0;0;6.90119939578712;D12;3;NA;3;0;NA;plate1;V5;VFP;3;0.101584919828839
plate1#D13;80.22;85.41;0;0;0;0;0.00745144941582277;6.60345340579951;D13;5-0%;calib;5-0%;NA;0%;plate1;V5;NA;NA;0.101584919828839
plate1#D15;80.25;85.47;0;0;NA;0;0;6.1874587050486;D15;5-25%;calib;5-25%;NA;25%;plate1;V5;NA;NA;NA
plate1#D16;77.67;85.47;0.136915860242083;0.0272214050088149;NA;0;0;6.59064885487877;D16;G1-N03;NA;N03;1;NA;plate1;V5;VFP;3;NA
plate1#D19;80.34;85.72;0;0;0;0;0.00216322947669588;7.92391499016828;D19;2;NA;2;0;NA;plate1;V5;DW;2;0.101584919828839
plate1#D20;77.84;85.5;0.134588603013571;0.0217217553824038;NA;0;0;7.87853049683575;D20;G1-N06;NA;N06;1;NA;plate1;V5;RA;5&6;NA
plate1#D21;77.64;85.47;0.098057575218125;0.00815309873840663;0.0438999344548657;0;0.00260653258595895;7.49590318314434;D21;G3-Z01;NA;Z01;3;NA;plate1;V5;DW;1;0.365108989171896
plate1#D22;77.51;85.41;0.178244343496201;0.0482730722770093;NA;0;0.004872428415392;8.75036665905218;D22;5-50%;calib;5-50%;NA;50%;plate1;V5;NA;NA;NA
plate1#D23;79.22;85.91;0;0;0;0;0.00393647376731319;8.02767952911496;D23;4;NA;4;0;NA;plate1;V5;VFP;4;0.101584919828839
plate1#D5;80.25;85.41;0;0;0;0;0;8.90695627721297;D5;G1-N02;NA;N02;1;NA;plate1;V5;DW;2;0.101584919828839
plate1#E13;77.47;85.41;0.139888917616976;0.0303309943706065;NA;0;0;7.31462680822621;E13;G3-Z02;NA;Z02;3;NA;plate1;V5;DW;2;NA
plate1#E16;77.67;85.41;0.154190301107129;0.0464209890043987;NA;NA;0.00314896805322574;6.88114748114513;E16;5-50%;calib;5-50%;NA;50%;plate1;V5;NA;NA;NA
plate1#E17;77.84;85.47;0.119117662924863;0.0151072920298343;0.0646424908280797;0;0;7.95171350194176;E17;G1-Z03;NA;Z03;1;NA;plate1;V5;VFP;3;0.455148395396102
plate1#E23;80.22;85.97;0;0;0;0;0.00468699467127438;8.1236516062735;E23;4;NA;4;0;NA;plate1;V5;VFP;4;0.101584919828839
plate1#E3;78.01;85.41;0.165262199224223;0.0407338643000552;0.110093054342886;0;0.00491857412365672;8.45964147678044;E3;G3-Z06;NA;Z06;3;NA;plate1;V5;RA;5&6;0.571370641856743
plate1#E6;77.64;85.41;0.073519160447526;0.000678640481910343;NA;0;0.00284541540336661;8.88579196684665;E6;G1-N02;NA;N02;1;NA;plate1;V5;DW;2;NA
plate1#F10;80.14;85.33;0;0;0;0;0;6.74159095687004;F10;G1-N04;NA;N04;1;NA;plate1;V5;VFP;4;0.101584919828839
plate1#F12;77.75;85.3;0.149973710036687;0.0384730681022414;0.0923574681986106;0;0.000827607744888291;6.99322484755231;F12;G3-Z05;NA;Z05;3;NA;plate1;V5;RA;5&6;0.529307333617416
plate1#F16;77.81;85.47;0;0;0;0;0.00919319556289561;7.0387390076302;F16;5-0%;calib;5-0%;NA;0%;plate1;V5;NA;NA;0.101584919828839
plate1#F2;78.53;85.47;0.120745008389306;0.0219491490610223;0.0624810554040077;0;0.00645389731048833;8.5284819436269;F2;5&6;NA;5&6;0;NA;plate1;V5;RA;5&6;0.447394601556991
plate1#F22;80.34;85.5;0;0;0;0;0.00257380648773226;7.43846789244042;F22;G1-Z03;NA;Z03;1;NA;plate1;V5;VFP;3;0.101584919828839
plate1#F23;77.47;85.5;0.180708640855825;0.0482083220663842;0.12891863827036;0;0.00605399908360988;7.81593430019164;F23;G3-Z06;NA;Z06;3;NA;plate1;V5;RA;5&6;0.616124640643925
plate1#F24;77.81;85.8;0.139794392841109;0.0268637769755227;0.0872121983546456;0;0.00262909287783339;7.58517732174076;F24;G3-Z02;NA;Z02;3;NA;plate1;V5;DW;2;0.517362268415557
plate1#F7;77.98;85.41;0.150079611746218;0.0402952828519994;0.0929540024392063;0;0.000750004412765663;7.70589139935667;F7;5-50%;calib;5-50%;NA;50%;plate1;V5;NA;NA;0.530696154082986
plate1#G1;78.82;85.5;0.061121341194999;-0.00215620247403256;0.0189417013981244;0;0.00312416123261517;8.59747710921939;G1;1;NA;1;0;NA;plate1;V5;DW;1;0.22230937929113
plate1#G2;77.75;85.47;0.143811734148321;0.0309813657852886;NA;0;0;9.15015584778621;G2;G1-Z06;NA;Z06;1;NA;plate1;V5;RA;5&6;NA
plate1#G3;77.64;85.47;0.16824567471306;0.0606266201922285;0.107986570516195;0;0;8.15013759614428;G3;G1-Z05;NA;Z05;1;NA;plate1;V5;RA;5&6;0.566323759006704
plate1#G4;78.19;85.47;0.145853307955108;0.0351340754546976;0.0959782299498894;0;0.000840198770273603;8.04635493782708;G4;G3-Z05;NA;Z05;3;NA;plate1;V5;RA;5&6;0.537774726815575
plate1#G5;80.31;85.47;0;0;0;0;0;7.31816574778265;G5;5-0%;calib;5-0%;NA;0%;plate1;V5;NA;NA;0.101584919828839
plate1#G7;77.58;85.41;0.141491454459667;0.0213142483517688;0.0745570646466905;0;0;6.84794159652089;G7;G3-Z01;NA;Z01;3;NA;plate1;V5;DW;1;0.485882344073114
plate1#G8;78.68;85.41;0;0;0;0;0;6.74831833940926;G8;G1-N01;NA;N01;1;NA;plate1;V5;DW;1;0.101584919828839
plate1#H1;77.64;85.47;0.162880131475802;0.0374513858397369;0.10418153133585;0;0.00176832106532244;8.491710069807;H1;G3-Z05;NA;Z05;3;NA;plate1;V5;RA;5&6;0.557224443821513
plate1#H11;78.53;85.41;0;0;0;0;0.00156283029768134;7.48841252212158;H11;G1-N03;NA;N03;1;NA;plate1;V5;VFP;3;0.101584919828839
plate1#H14;77.88;85.21;0.264074419282444;0.140741224454268;0.210579792523058;0;0.000819062424113008;6.60494259156486;H14;5-75%;calib;5-75%;NA;75%;plate1;V5;NA;NA;0.747641161532321
plate1#H15;77.26;84.8;0.314864681232191;0.180282396952663;NA;0;0.0153541798491585;8.13030481263962;H15;5-75%;calib;5-75%;NA;75%;plate1;V5;NA;NA;NA
plate1#H19;78.9;85.5;0.0825532262025697;0.0158239504385501;0.0426233390111482;0;0.0047294162691212;7.51488605492512;H19;G3-Z02;NA;Z02;3;NA;plate1;V5;DW;2;0.358560087178439
plate1#I10;76.94;84.39;1;1;1;0;0;7.64382179691856;I10;5-100%;calib;5-100%;NA;100%;plate1;V5;NA;NA;1.0000005915119
plate1#I17;80.31;85.77;0;0;0;0;0.00466536261998213;8.49867501287635;I17;3;NA;3;0;NA;plate1;V5;VFP;3;0.101584919828839
plate1#I18;79.61;85.41;0;0;0;0;0;8.24823983180064;I18;G1-Z02;NA;Z02;1;NA;plate1;V5;DW;2;0.101584919828839
plate1#I19;77.64;85.72;0.0740616408971096;0.00196410032192134;NA;0;0.00562540364881076;8.14588124276095;I19;G1-Z02;NA;Z02;1;NA;plate1;V5;DW;2;NA
plate1#I3;77.81;85.39;0.285974096308716;0.167600588175738;0.229124172903922;0;0.00312025010637428;8.34257210592631;I3;5-75%;calib;5-75%;NA;75%;plate1;V5;NA;NA;0.755900123485702
plate1#I4;77.98;85.47;0.125746345331144;0.0161711331327133;0.0637823836243464;0;0;7.23556633230485;I4;5&6;NA;5&6;0;NA;plate1;V5;RA;5&6;0.45211331769764
plate1#J12;77.44;84.76;1;1;1;0;0.00272924018432738;6.14214555673752;J12;5-100%;calib;5-100%;NA;100%;plate1;V5;NA;NA;1.0000005915119
plate1#J16;80.31;85.47;0;0;0;0;0.00277376525324326;6.01990298169345;J16;1;NA;1;0;NA;plate1;V5;DW;1;0.101584919828839
plate1#J19;77.2;85.47;0.141889059928565;0.0128287000476936;0.078963892495463;0;0;8.44529761221921;J19;G1-N04;NA;N04;1;NA;plate1;V5;VFP;4;0.497507858001528
plate1#J23;79.1;85.5;0;0;0;0;0.00515655617924916;7.844450225792;J23;G3-Z04;NA;Z04;3;NA;plate1;V5;VFP;4;0.101584919828839
plate1#J3;77.57;85.47;0.140108668880452;0.0340963716175415;0.0880995603074764;0;0.00583472954643691;9.10895976019752;J3;5&6;NA;5&6;0;NA;plate1;V5;RA;5&6;0.519425391445382
plate1#J8;80.31;85.47;0;0;0;0;0;6.77370357752041;J8;G3-Z03;NA;Z03;3;NA;plate1;V5;VFP;3;0.101584919828839
plate1#K19;77.81;85.47;0;0;0;0;0;8.14468026823307;K19;G3-Z03;NA;Z03;3;NA;plate1;V5;VFP;3;0.101584919828839
plate1#K3;78.01;85.47;0.114862362518229;0.0114695846626407;NA;0;0.00415947452492998;9.55569623797222;K3;G1-Z04;NA;Z04;1;NA;plate1;V5;VFP;4;NA
plate1#K7;77.58;85.47;0.133744790892432;0.0240318355547729;0.0719452902165427;0;0;7.62942129803656;K7;G1-N06;NA;N06;1;NA;plate1;V5;RA;5&6;0.478470408789963
plate1#L13;77.57;85.41;0.119632908422302;0.0167496804247149;0.0836239815560579;NA;0;8.36985364940937;L13;G1-N06;NA;N06;1;NA;plate1;V5;RA;5&6;0.508926559003551
plate1#L17;77.72;85.47;0.132960506013076;0.0210083986056952;0.0703401194897066;0;0;7.54345237502476;L17;G1-Z01;NA;Z01;1;NA;plate1;V5;DW;1;0.473690828483974
plate1#L2;78.82;85.72;0;0;0;0;0;9.50987348236501;L2;5-25%;calib;5-25%;NA;25%;plate1;V5;NA;NA;0.101584919828839
plate1#L6;80.31;85.5;0;0;0;0;0.00176460927435046;10.0488771922554;L6;2;NA;2;0;NA;plate1;V5;DW;2;0.101584919828839
plate1#L8;78.88;85.41;0.0863572480506369;0.0164452042056621;NA;0;0.00173176377935974;7.22761812541273;L8;G1-Z01;NA;Z01;1;NA;plate1;V5;DW;1;NA
plate1#M11;77.88;85.47;0.120985068860152;0.0201223969632569;NA;0;0.00408470220799469;6.8349674342003;M11;2;NA;2;0;NA;plate1;V5;DW;2;NA
plate1#M12;80.22;85.33;0;0;0;0;0.00522646029712965;6.90330067653816;M12;G3-Z03;NA;Z03;3;NA;plate1;V5;VFP;3;0.101584919828839
plate1#M6;78.62;85.47;0.0917357247944324;0.0178380470126383;0.0438519047528419;0;0.00295328065567749;10.0201919637867;M6;1;NA;1;0;NA;plate1;V5;DW;1;0.36486442137071
plate1#M8;77.67;85.41;0.0740375175266449;0.0131929383379783;0.0299210696568207;0;0;6.8349323279199;M8;G1-Z03;NA;Z03;1;NA;plate1;V5;VFP;3;0.288498910664129
plate1#N2;78.88;85.47;0.0830409830538727;0.0131172719398996;0.0401489122280191;0;0.00292755857355068;9.49037915969255;N2;G1-Z04;NA;Z04;1;NA;plate1;V5;VFP;4;0.345587705865958
plate1#N7;78.75;85.41;0.0947529576547885;0.0271049658254842;NA;0;0;8.48100975907122;N7;G1-Z04;NA;Z04;1;NA;plate1;V5;VFP;4;NA
plate1#N9;77.84;85.33;0.145252415430695;0.024772503636357;0.0978191294572886;0;0.0017317609470114;6.9710954338331;N9;G1-Z05;NA;Z05;1;NA;plate1;V5;RA;5&6;0.542111575374146
plate2#A10;78;85.04;0;0;0;0;0;6.12972189708824;A10;G3-N04;NA;N04;3;NA;plate2;V5;VFP;4;0.101584919828839
plate2#A14;79.82;85.47;0;0;NA;0;0;5.66598541103284;A14;G6-N04;NA;N04;6;NA;plate2;V5;VFP;4;NA
plate2#A2;79.9;85.53;0;0;0;0;0.00263095370409816;7.26226997849267;A2;5-25%;calib;5-25%;NA;25%;plate2;V5;NA;NA;0.101584919828839
plate2#A7;77.47;85.44;0.154771031620079;0.0335324365370776;0.0844990069681466;0;0.00295915467504526;5.97276002764194;A7;G3-N06;NA;N06;3;NA;plate2;V5;RA;5&6;0.511003307454602
plate2#B13;77.77;84.45;1;1;1;0;0;5.05280737009465;B13;5-100%;calib;5-100%;NA;100%;plate2;V5;NA;NA;1.0000005915119
plate2#B3;79.73;85.65;0;0;0;0;0.00283290378579023;6.73117382692585;B3;5-0%;calib;5-0%;NA;0%;plate2;V5;NA;NA;0.101584919828839
plate2#B6;79.9;85.53;0;0;0;0;0.00153306308791708;6.86208193973631;B6;G3-N04;NA;N04;3;NA;plate2;V5;VFP;4;0.101584919828839
plate2#B7;80.45;85.47;0;0;0;0;0.00450099495855407;5.53506850423031;B7;G6-Z05;NA;Z05;6;NA;plate2;V5;RA;5&6;0.101584919828839
plate2#B8;79.65;85.36;0;0;0;0;0;6.2714303333961;B8;G6-Z04;NA;Z04;6;NA;plate2;V5;VFP;4;0.101584919828839
plate2#C1;79.73;85.56;0;0;0;0;0;6.99083252441216;C1;G6-N02;NA;N02;6;NA;plate2;V5;DW;2;0.101584919828839
plate2#C19;78.03;85.44;0.139623768713759;0.0133049124342157;0.075782331992716;0;0;6.0952697552603;C19;G6-Z01;NA;Z01;6;NA;plate2;V5;DW;1;0.489216323056636
plate2#C21;80.37;85.56;0;0;0;0;0;6.48863615005827;C21;5-25%;calib;5-25%;NA;25%;plate2;V5;NA;NA;0.101584919828839
plate2#D11;79.87;85.33;0;0;0;0;0;5.71354034032874;D11;G6-N03;NA;N03;6;NA;plate2;V5;VFP;3;0.101584919828839
plate2#D18;79.82;85.53;0;0;0;0;0.0112634076235106;6.10944648714108;D18;G6-N02;NA;N02;6;NA;plate2;V5;DW;2;0.101584919828839
plate2#D23;79.79;85.56;0;0;0;0;0;6.58653331110739;D23;G6-N05;NA;N05;6;NA;plate2;V5;RA;5&6;0.101584919828839
plate2#E10;79.79;85;0;0;0;0;0.00236631964500496;6.38263344385038;E10;G6-N02;NA;N02;6;NA;plate2;V5;DW;2;0.101584919828839
plate2#E17;80.31;85.44;0;0;0;0;0;6.2482738056859;E17;G3-N01;NA;N01;3;NA;plate2;V5;DW;1;0.101584919828839
plate2#E7;79.79;85.47;0;0;0;0;0;7.29762361076741;E7;G6-N05;NA;N05;6;NA;plate2;V5;RA;5&6;0.101584919828839
plate2#E9;78.52;85.44;0;0;0;0;0;6.53574981158754;E9;G6-N05;NA;N05;6;NA;plate2;V5;RA;5&6;0.101584919828839
plate2#F21;79.7;85.53;0;0;0;0;0.000762143861941812;6.5579074606958;F21;G6-N06;NA;N06;6;NA;plate2;V5;RA;5&6;0.101584919828839
plate2#F22;80.31;85.53;0;0;0;0;0;6.63123493066311;F22;G6-Z05;NA;Z05;6;NA;plate2;V5;RA;5&6;0.101584919828839
plate2#F6;79.79;85.53;0;0;0;0;0;7.20361621975892;F6;G6-N06;NA;N06;6;NA;plate2;V5;RA;5&6;0.101584919828839
plate2#F7;79.18;85.44;0;0;0;0;0.004583998403094;6.41760647166618;F7;G6-N03;NA;N03;6;NA;plate2;V5;VFP;3;0.101584919828839
plate2#F8;77.38;85.38;0.0900459606919809;0.0122937132587318;0.0402922402140901;0;0.0026510061803921;6.18609343302359;F8;G6-Z05;NA;Z05;6;NA;plate2;V5;RA;5&6;0.34634885794698
plate2#F9;79.01;85.38;0;0;0;0;0.00522266428610616;6.12452029032794;F9;5-25%;calib;5-25%;NA;25%;plate2;V5;NA;NA;0.101584919828839
plate2#G17;79.73;85.44;0;0;NA;0;0;6.25055771422488;G17;G6-N01;NA;N01;6;NA;plate2;V5;DW;1;NA
plate2#G23;79.79;85.59;0;0;0;0;0;7.09636256952475;G23;5-0%;calib;5-0%;NA;0%;plate2;V5;NA;NA;0.101584919828839
plate2#G7;76.95;85;1;1;1;0;0;6.02873754905711;G7;5-100%;calib;5-100%;NA;100%;plate2;V5;NA;NA;1.0000005915119
plate2#H10;78.75;85.33;0.116048669377172;0.030307784274896;0.063785948628837;0;0;6.44106038210353;H10;5-50%;calib;5-50%;NA;50%;plate2;V5;NA;NA;0.452126034958719
plate2#H17;77.74;85.36;0.146492829913885;0.0243956171963172;0.0764426687038884;0;0.00722083048083969;6.04096132940024;H17;G6-Z02;NA;Z02;6;NA;plate2;V5;DW;2;0.490978501034788
plate2#H18;77.94;85.47;0.156954600589748;0.0311055158827505;0.0881470171190385;0;0.000781808616945216;6.01763247840156;H18;5-50%;calib;5-50%;NA;50%;plate2;V5;NA;NA;0.519535609059088
plate2#H21;77.32;85.47;0;0;NA;0;0;5.59529224094719;H21;G3-N02;NA;N02;3;NA;plate2;V5;DW;2;NA
plate2#H22;79.79;85.56;0;0;NA;0;0.00411902152809287;5.92962098202079;H22;G3-N03;NA;N03;3;NA;plate2;V5;VFP;3;NA
plate2#H3;79.7;85.53;0;0;0;0;0.0126431972512558;6.78429023551184;H3;G6-N01;NA;N01;6;NA;plate2;V5;DW;1;0.101584919828839
plate2#H5;80.45;85.47;0;0;0;0;0;6.15641342856845;H5;G6-Z06;NA;Z06;6;NA;plate2;V5;RA;5&6;0.101584919828839
plate2#H7;80.31;85.38;0;0;0;0;0;6.04618310549457;H7;G6-Z01;NA;Z01;6;NA;plate2;V5;DW;1;0.101584919828839
plate2#I18;80.28;85.53;0;0;0;0;0;6.75427395001002;I18;G6-Z03;NA;Z03;6;NA;plate2;V5;VFP;3;0.101584919828839
plate2#I2;80.31;85.53;0;0;NA;0;0.00156825423612178;7.55348803163241;I2;G6-Z04;NA;Z04;6;NA;plate2;V5;VFP;4;NA
plate2#I21;80.23;85.53;0;0;0;0;0;6.51313457224602;I21;G6-Z04;NA;Z04;6;NA;plate2;V5;VFP;4;0.101584919828839
plate2#I3;78.75;85.53;0;0;NA;0;0;7.15155643707743;I3;G3-N02;NA;N02;3;NA;plate2;V5;DW;2;NA
plate2#I4;77.44;85.44;0.271559192158221;0.131144963503653;NA;0;0;6.3861964908534;I4;5-75%;calib;5-75%;NA;75%;plate2;V5;NA;NA;NA
plate2#I8;80.28;85.38;0;0;0;0;0;5.97109303664038;I8;G6-Z01;NA;Z01;6;NA;plate2;V5;DW;1;0.101584919828839
plate2#I9;78.46;85.38;0;0;0;0;0;6.56282977707347;I9;G3-N05;NA;N05;3;NA;plate2;V5;RA;5&6;0.101584919828839
plate2#J10;78.55;85.36;0;0;0;0;0.0170322387512826;6.77441023297104;J10;G3-N01;NA;N01;3;NA;plate2;V5;DW;1;0.101584919828839
plate2#J11;77.54;85.27;0.0752724000632997;0.00207498924814466;0.0188623011631033;0;0.0132064621330202;5.95559021646183;J11;G6-Z06;NA;Z06;6;NA;plate2;V5;RA;5&6;0.221816653270863
plate2#J17;77.66;85.27;0.298193980137768;0.160731617264469;0.22952193368162;0;0;6.55525927757432;J17;5-75%;calib;5-75%;NA;75%;plate2;V5;NA;NA;0.756051155688923
plate2#J20;77.54;85.53;0.16278887349686;0.0473224399939836;0.0932025759294473;0;0;6.79234089103301;J20;G6-Z06;NA;Z06;6;NA;plate2;V5;RA;5&6;0.531275601436215
plate2#J21;76.63;84.51;1;1;1;0;0;6.65139103168565;J21;5-100%;calib;5-100%;NA;100%;plate2;V5;NA;NA;1.0000005915119
plate2#J23;80.23;85.56;0;0;0;0;0.00284868693138665;6.78836158204805;J23;G6-N03;NA;N03;6;NA;plate2;V5;VFP;3;0.101584919828839
plate2#J3;78.03;85.53;0.0915385677830736;0.00445786895257194;0.038693960124818;0;0.00391569616366184;7.76140882455082;J3;G6-Z03;NA;Z03;6;NA;plate2;V5;VFP;3;0.337795449334344
plate2#K13;79.73;85.47;0;0;0;0;0;6.11925569568642;K13;5-0%;calib;5-0%;NA;0%;plate2;V5;NA;NA;0.101584919828839
plate2#K15;79.87;85.33;0;0;0;0;0;5.88611715247163;K15;G6-N06;NA;N06;6;NA;plate2;V5;RA;5&6;0.101584919828839
plate2#K22;77.66;85.53;0;0;0;0;0;7.26310323674103;K22;G3-N06;NA;N06;3;NA;plate2;V5;RA;5&6;0.101584919828839
plate2#K23;79.65;85.56;0;0;0;0;0;7.33655804133026;K23;G6-N04;NA;N04;6;NA;plate2;V5;VFP;4;0.101584919828839
plate2#K3;77.32;85.53;0.147721925855782;0.0297803344505132;0.0823808045337109;0;0;8.1606816798109;K3;G3-N05;NA;N05;3;NA;plate2;V5;RA;5&6;0.50594559866181
plate2#K9;79.7;85.44;0;0;0;0;0;6.02070443937914;K9;G6-N01;NA;N01;6;NA;plate2;V5;DW;1;0.101584919828839
plate2#L1;78.98;85.53;0.101868096002084;0.0316476449756991;0.0576180356631586;0;0;7.86355257217221;L1;G6-Z02;NA;Z02;6;NA;plate2;V5;DW;2;0.428453421592859
plate2#L10;78.66;85.38;0;0;0;0;0;5.16022404242444;L10;G3-N02;NA;N02;3;NA;plate2;V5;DW;2;0.101584919828839
plate2#L12;77.54;85;0.260925686111808;0.130395566580905;0.195251952284948;0;0.00504754489459159;5.50910174757125;L12;5-75%;calib;5-75%;NA;75%;plate2;V5;NA;NA;0.735960103368635
plate2#L17;80.37;85.44;0;0;0;0;0;6.22358872988344;L17;G3-N05;NA;N05;3;NA;plate2;V5;RA;5&6;0.101584919828839
plate2#L23;77.57;85.56;0.122001881316436;0.00746741290935451;0.0516421042589972;0;0.00861646661469648;7.38822995623636;L23;G3-N04;NA;N04;3;NA;plate2;V5;VFP;4;0.402539255978924
plate2#L4;80.31;85.47;0;0;0;0;0;7.15710209691996;L4;G3-N01;NA;N01;3;NA;plate2;V5;DW;1;0.101584919828839
plate2#M1;78.61;85.56;0;0;0;0;0;7.4362593114358;M1;G6-N04;NA;N04;6;NA;plate2;V5;VFP;4;0.101584919828839
plate2#M12;80.31;85.44;0;0;0;0;0.0135553351967858;5.79548359394551;M12;G3-N06;NA;N06;3;NA;plate2;V5;RA;5&6;0.101584919828839
plate2#M6;77.74;85.47;0.139461004644255;0.0301813045641868;0.0746858515989955;0;0;8.45773882500869;M6;5-50%;calib;5-50%;NA;50%;plate2;V5;NA;NA;0.48623687101324
plate2#M8;80.37;85.47;0;0;0;0;0.0118104064308647;5.70609355376789;M8;G6-Z02;NA;Z02;6;NA;plate2;V5;DW;2;0.101584919828839
plate2#N1;78.15;85.56;0;0;0;0;0;8.52458911011481;N1;G3-N03;NA;N03;3;NA;plate2;V5;VFP;3;0.101584919828839
plate2#N10;78.75;85.47;0;0;0;0;0;5.49747703891623;N10;G3-N03;NA;N03;3;NA;plate2;V5;VFP;3;0.101584919828839
plate2#N8;80.31;85.44;0;0;0;0;0.00408083616917675;5.73959939253143;N8;G6-Z03;NA;Z03;6;NA;plate2;V5;VFP;3;0.101584919828839
plate1#A12;77.58;84.97;0.255792765499733;0.12851363020308;0.186307536632141;0;0.00384884652338203;7.30682755167412;A12;G1-N10;NA;N10;1;NA;plate1;V6;VFP;10;0.259468000301977
plate1#A17;77.58;85.41;0.215393079524257;0.0880991588868487;0.153698175668029;0;0;6.82264626224058;A17;G1-Z09;NA;Z09;1;NA;plate1;V6;VFP;9;0.217656128775433
plate1#A2;77.64;85.41;0.236036303552023;0.104609303210344;0.169560269607989;0;0.00655108148681093;8.03907151710474;A2;G3-Z11;NA;Z11;3;NA;plate1;V6;RA;11&12;0.238413186386217
plate1#A22;79.82;85.27;0;0;NA;0;NA;2.0633840875746;A22;6-25%;calib;6-25%;NA;25%;plate1;V6;NA;NA;NA
plate1#A3;77.58;85.39;0.276285243929139;0.139257403548812;0.217427547913662;0;0.0122375066173085;7.476183852562;A3;G3-Z10;NA;Z10;3;NA;plate1;V6;VFP;10;0.296921845861277
plate1#A4;77.92;85.47;0.248157364564551;0.10931657664232;0.190859197922511;0;0;6.7076672066422;A4;G1-Z12;NA;Z12;1;NA;plate1;V6;RA;11&12;0.265068651277089
plate1#A6;77.38;85.47;0.231563367677279;0.0868635306496819;0.166999738678128;0;0.00351205365607364;7.45096714423239;A6;11&12;NA;11&12;0;NA;plate1;V6;RA;11&12;0.2351210961044
plate1#A7;77.64;85.41;0.224707511128869;0.100121912072096;0.165362863833893;0;0;7.66658652106694;A7;11&12;NA;11&12;0;NA;plate1;V6;RA;11&12;0.233005190704866
plate1#B14;77.57;85.27;0.251158435416669;0.127496047888779;0.188503441755685;0;0;7.66354286110548;B14;G3-Z08;NA;Z08;3;NA;plate1;V6;DW;8;0.262175703305932
plate1#B17;77.51;85.47;0.178896335944629;0.0463407037048124;0.112267691054069;0;0.00071518830308726;7.94646398056131;B17;7;NA;7;0;NA;plate1;V6;DW;7;0.159690640225488
plate1#B7;80.86;84.88;0;0;0;0;NA;1.95175970543064;B7;6-0%;calib;6-0%;NA;0%;plate1;V6;NA;NA;-0.00550094891728664
plate1#B8;80.71;84.88;0;0;NA;0;NA;2.2009705549774;B8;6-50%;calib;6-50%;NA;50%;plate1;V6;NA;NA;NA
plate1#C16;77.81;85.41;0.237169644214947;0.122891159673766;NA;0;0.000981558802155789;6.07789370261132;C16;G1-N08;NA;N08;1;NA;plate1;V6;DW;8;NA
plate1#C18;77.92;85.47;0.207825526776128;0.0938115058696423;0.155164265118223;0;0.00563396336939766;7.46902422942521;C18;G1-Z11;NA;Z11;1;NA;plate1;V6;RA;11&12;0.21961195854408
plate1#C22;79.1;84.94;0.224598909147004;0.0926597865235618;0.160019895976294;0;NA;2.29958353039055;C22;6-100%;calib;6-100%;NA;100%;plate1;V6;NA;NA;0.226034537044978
plate1#C23;77.57;85.47;0.230577692515621;0.102370002441924;0.191987936807102;NA;0.0028109323164337;7.44491074463307;C23;G1-N08;NA;N08;1;NA;plate1;V6;DW;8;0.266450545589402
plate1#D11;77.98;84.97;0.241965648529901;0.12798338134745;0.177483968511119;0;0;6.80792483991609;D11;G1-N07;NA;N07;1;NA;plate1;V6;DW;7;0.24847121886454
plate1#D2;78.04;85.41;0.222878227167979;0.102633566229673;0.175250322980064;0;0.00164255231170655;8.44396130864269;D2;G1-Z12;NA;Z12;1;NA;plate1;V6;RA;11&12;0.245654767837223
plate1#E11;77.64;84.97;0.238628454585533;0.117606387611459;NA;0;0;7.4246447949267;E11;G3-Z08;NA;Z08;3;NA;plate1;V6;DW;8;NA
plate1#E21;79.49;84.94;0;0;NA;0;NA;2.54898519955819;E21;6-100%;calib;6-100%;NA;100%;plate1;V6;NA;NA;NA
plate1#E24;77.72;85.41;0.210372149417797;0.0719859379998122;0.14810694384916;0;0;7.93360658847999;E24;G1-Z09;NA;Z09;1;NA;plate1;V6;VFP;9;0.210127474030416
plate1#E8;80.71;84.88;0;0;NA;0;NA;2.34126827475319;E8;6-0%;calib;6-0%;NA;0%;plate1;V6;NA;NA;NA
plate1#E9;77.51;85.47;0.181061889246427;0.0577822673182487;NA;0;0.000709932770256943;7.73413100455646;E9;7;NA;7;0;NA;plate1;V6;DW;7;NA
plate1#F1;78.47;85.72;0.146620997423165;0.044397534066206;0.0905716829507066;0;0.00479825796177519;8.61876736959098;F1;8;NA;8;0;NA;plate1;V6;DW;8;0.127877269381072
plate1#F15;77.23;85.27;0.190538533462515;0.0532856329389139;0.112547200147419;0;0;6.27954417722867;F15;G1-N09;NA;N09;1;NA;plate1;V6;VFP;9;0.160095718755165
plate1#F17;77.57;85.33;0.23563180542845;0.111036617415796;0.175081947073321;0;0;8.024717889743;F17;G3-Z07;NA;Z07;3;NA;plate1;V6;DW;7;0.245441880626023
plate1#F19;77.51;85.39;0.253589855807841;0.129559433481965;0.200825768025928;0;0.000705740950032336;8.58635974293919;F19;G3-Z08;NA;Z08;3;NA;plate1;V6;DW;8;0.277181091599003
plate1#F21;77.64;85.47;0.22413965246918;0.0898717427098007;0.176290540871179;0;0.00162979157502543;7.62158083582453;F21;G1-Z11;NA;Z11;1;NA;plate1;V6;RA;11&12;0.246968161812105
plate1#F3;80.71;84.94;0;0;0;0;NA;2.16064957636223;F3;6-75%;calib;6-75%;NA;75%;plate1;V6;NA;NA;-0.00550094891728664
plate1#F5;77.57;85.27;0.252080581053441;0.12632468850722;0.189788094622571;0;0;8.28941145277641;F5;G1-Z08;NA;Z08;1;NA;plate1;V6;DW;8;0.263754797703583
plate1#F8;80.71;84.88;0;0;NA;0;NA;1.59663448193545;F8;6-0%;calib;6-0%;NA;0%;plate1;V6;NA;NA;NA
plate1#G11;80.71;84.86;0;0;NA;0;NA;1.77820175768512;G11;6-25%;calib;6-25%;NA;25%;plate1;V6;NA;NA;NA
plate1#G13;77.47;84.94;0.236333401157838;0.114271900132662;0.176480244493467;0;0.00267943077196819;6.59795814045626;G13;G1-Z07;NA;Z07;1;NA;plate1;V6;DW;7;0.247207351065443
plate1#G16;77.64;85.27;0.233176988201628;0.114277136892898;0.172660376044603;0;0;7.02723426097937;G16;G1-Z10;NA;Z10;1;NA;plate1;V6;VFP;10;0.24237089058751
plate1#G20;77.51;85.41;0.253604173193391;0.121668641902201;0.201097635198439;0;0.00341109591701272;7.34543596665914;G20;G1-N07;NA;N07;1;NA;plate1;V6;DW;7;0.277508750952599
plate1#G9;77.57;85.21;0.246811600842366;0.128528919330866;0.194690166953921;0;0;7.14176744714913;G9;G1-N07;NA;N07;1;NA;plate1;V6;DW;7;0.269748022170458
plate1#H13;77.51;85.21;0.234963639266127;0.117202557240235;0.174320602495602;0;0;7.19440478476623;H13;G3-Z12;NA;Z12;3;NA;plate1;V6;RA;11&12;0.244478235612896
plate1#H16;77.67;85.3;0.245161861609828;0.119781184576213;0.182762157246583;0;0;6.93007852598629;H16;G3-Z12;NA;Z12;3;NA;plate1;V6;RA;11&12;0.255072811469696
plate1#H18;77.58;85.39;0.246110317852969;0.107452803459675;0.17036836393117;0;0.0025865092714109;6.93115259640581;H18;G1-N08;NA;N08;1;NA;plate1;V6;DW;8;0.239447746981969
plate1#H2;77.81;85.5;0.173588833524133;0.0502319177787484;0.11667202246785;0;0;8.7427292774346;H2;8;NA;8;0;NA;plate1;V6;DW;8;0.166056184700077
plate1#H20;77.58;85.41;0.250209711972129;0.103280799260682;0.175804595765186;0;0.00557257092624771;7.34094915753189;H20;G3-Z09;NA;Z09;3;NA;plate1;V6;VFP;9;0.246354987028684
plate1#H22;77.51;85.39;0.252349705425738;0.116652243051791;0.186095777202;0;0.00581706518082326;6.28858574312264;H22;G1-N10;NA;N10;1;NA;plate1;V6;VFP;10;0.259206309589147
plate1#H23;79.68;84.94;0;0;0;0;NA;2.01345418027576;H23;6-75%;calib;6-75%;NA;75%;plate1;V6;NA;NA;-0.00550094891728664
plate1#H5;78.01;85.47;0.122323185590539;0.0229574237253101;0.0659664959917692;0;0;7.54690468134086;H5;10;NA;10;0;NA;plate1;V6;VFP;10;0.0912842606371243
plate1#I11;77.51;85.21;0.245101282637491;0.121557820226852;0.183480162433696;0;0;8.37094590771407;I11;G3-Z09;NA;Z09;3;NA;plate1;V6;VFP;9;0.255965341887907
plate1#I21;77.64;85.41;0.230219787198685;0.120511175332744;0.182384315667032;0;0.000793244625000421;7.54206567694896;I21;G1-N10;NA;N10;1;NA;plate1;V6;VFP;10;0.2546026185289
plate1#I22;77.98;85.41;0.202903606837858;0.0592365199445476;NA;0;0.00180856269149335;7.13353389193468;I22;G1-N09;NA;N09;1;NA;plate1;V6;VFP;9;NA
plate1#I23;77.58;85.47;0.235150860945857;0.0998754546950754;0.182699618145835;0;0;7.7349548696852;I23;G3-Z12;NA;Z12;3;NA;plate1;V6;RA;11&12;0.254995011088703
plate1#I6;77.26;84.97;0.257444830729211;0.123491325783066;0.193158089312895;0;0;7.96467224925198;I6;G1-Z08;NA;Z08;1;NA;plate1;V6;DW;8;0.267880310299715
plate1#I7;77.64;85.39;0.22966791136143;0.111632750740087;0.170089787754901;0;0;7.52992739738551;I7;G1-Z12;NA;Z12;1;NA;plate1;V6;RA;11&12;0.239091336530468
plate1#J13;77.51;85.41;0.135234298017233;0.0289912329192964;0.0792928217754069;0;0.00353078975376597;7.65873503639534;J13;10;NA;10;0;NA;plate1;V6;VFP;10;0.111136382021418
plate1#J15;80.66;84.88;0;0;0;0;NA;1.85341200892665;J15;6-100%;calib;6-100%;NA;100%;plate1;V6;NA;NA;-0.00550094891728664
plate1#J17;78.88;85.77;0.0941729203479439;0.0280768057900559;0.049771879087053;0;0.00341139731115682;8.20720398739506;J17;9;NA;9;0;NA;plate1;V6;VFP;9;0.0671904141690261
plate1#J5;77.67;85.41;0.1986059491406;0.0786269391105028;0.135773972373903;0;0;7.487084712;J5;G1-N09;NA;N09;1;NA;plate1;V6;VFP;9;0.193160249244791
plate1#K1;78.19;85.41;0.21954962601494;0.109335208462671;0.15941050807806;0;0;8.85155145261979;K1;G3-Z07;NA;Z07;3;NA;plate1;V6;DW;7;0.225233115359283
plate1#K14;77.67;85.47;0.171286359748679;0.0465478718030058;NA;0;0;6.44452618528212;K14;8;NA;8;0;NA;plate1;V6;DW;8;NA
plate1#K20;77.75;85.41;0.226739627505619;0.0996872994328765;0.16212551439005;0;0;6.11135961374807;K20;G1-Z07;NA;Z07;1;NA;plate1;V6;DW;7;0.228793540007595
plate1#K21;77.35;85.33;0.239733787073908;0.106950564556407;0.178629556278193;0;0;7.85006949557731;K21;G1-Z10;NA;Z10;1;NA;plate1;V6;VFP;10;0.249910309662248
plate1#K22;80.92;84.97;0;0;0;0;NA;2.0977296375275;K22;6-75%;calib;6-75%;NA;75%;plate1;V6;NA;NA;-0.00550094891728664
plate1#K6;77.98;85.39;0.229285044308098;0.097116947507652;0.171716085098326;0;0;7.54020561031809;K6;G3-Z10;NA;Z10;3;NA;plate1;V6;VFP;10;0.241168558205626
plate1#K8;77.44;85.39;0.236352313687467;0.104101890860701;0.171528769107988;0;0;6.60676398329858;K8;G3-Z09;NA;Z09;3;NA;plate1;V6;VFP;9;0.240929727970135
plate1#L1;81.04;85;0;0;0;0;NA;2.16379625985824;L1;6-50%;calib;6-50%;NA;50%;plate1;V6;NA;NA;-0.00550094891728664
plate1#L10;77.51;85.21;0.259036028517339;0.119196580535133;0.208345054942918;0;0.0081260956226559;6.53547915349026;L10;G3-Z10;NA;Z10;3;NA;plate1;V6;VFP;10;0.286189961575526
plate1#L22;77.88;85.39;0.241349197802538;0.106316507505453;0.177552763817464;0;0;7.78090842449841;L22;G3-Z07;NA;Z07;3;NA;plate1;V6;DW;7;0.248557741529935
plate1#L24;77.67;85.47;0.255606730515632;0.13763343004743;0.203562400005083;0;0.00103329889482584;7.06619778120625;L24;G3-Z11;NA;Z11;3;NA;plate1;V6;RA;11&12;0.280472731020451
plate1#L5;77.81;85.33;0.227232362344792;0.103606339561252;NA;0;0.00602787706454059;6.7170307163483;L5;G3-Z11;NA;Z11;3;NA;plate1;V6;RA;11&12;NA
plate1#L9;77.58;85.3;0.232597215699272;0.105281338053026;0.17604366813012;0;0;6.77333269665489;L9;G1-Z07;NA;Z07;1;NA;plate1;V6;DW;7;0.246656737321001
plate1#M2;80.71;85;0;0;0;0;NA;1.99718765694093;M2;6-25%;calib;6-25%;NA;25%;plate1;V6;NA;NA;-0.00550094891728664
plate1#M5;77.75;85.39;0.230107009830929;0.106168986010464;0.177555993672528;0;0;9.73372698064434;M5;G1-Z11;NA;Z11;1;NA;plate1;V6;RA;11&12;0.24856180334065
plate1#N11;80.71;84.88;0;0;NA;0;NA;2.17180785278371;N11;6-50%;calib;6-50%;NA;50%;plate1;V6;NA;NA;NA
plate1#N12;77.81;85.41;0.0899107876245757;0.0105615224677892;0.043200814483217;0;0.00155627445377591;7.13057307354418;N12;10;NA;10;0;NA;plate1;V6;VFP;10;0.0574617110821523
plate1#N6;77.92;85.41;0.220822131352433;0.092319542954063;0.172404178124427;0;0.00132367268500282;9.83806543237347;N6;11&12;NA;11&12;0;NA;plate1;V6;RA;11&12;0.242044953603247
plate1#N8;77.58;85.47;0.154166626632215;0.027586958376722;0.0888456087120492;0;0;7.19932476009519;N8;9;NA;9;0;NA;plate1;V6;VFP;9;0.125321579612684
plate2#A11;77.54;84.84;0.268029760745242;0.145763785091999;0.213656278484796;0;0;5.38013373044905;A11;G6-N07;NA;N07;6;NA;plate2;V6;DW;7;0.292485804743949
plate2#A18;78;85.33;0.254217827621362;0.106469999679033;0.184062226011567;0;0;5.77195266107164;A18;G6-N07;NA;N07;6;NA;plate2;V6;DW;7;0.256687968338364
plate2#A20;77.83;85.47;0.20911977093381;0.0698331017875092;0.153818906971792;0;0.000992238217093273;5.88355212908112;A20;G6-N10;NA;N10;6;NA;plate2;V6;VFP;10;0.217817482354461
plate2#A21;77.74;85.38;0.25550295203804;0.108923794372626;NA;0;0;5.42456093016405;A21;G3-N07;NA;N07;3;NA;plate2;V6;DW;7;NA
plate2#A22;78;85.53;0.227700153093662;0.0856517579380766;0.172209862670582;0;0.00868380673371626;5.2325529060962;A22;G6-Z11;NA;Z11;6;NA;plate2;V6;RA;11&12;0.241797609914061
plate2#A23;77.94;85.44;0.237412503795586;0.0898939629140809;NA;0;0.00918224493276199;4.65004398070307;A23;G6-N09;NA;N09;6;NA;plate2;V6;VFP;9;NA
plate2#A4;78;85.44;0.243542234284143;0.131831744205394;0.193741789150051;0;0;5.39447238107112;A4;G3-N09;NA;N09;3;NA;plate2;V6;VFP;9;0.268592448632862
plate2#A6;77.68;85.36;0.226106705431548;0.104998332324063;0.173654622694746;0;0.00737979706046239;6.00969780363407;A6;G6-N08;NA;N08;6;NA;plate2;V6;DW;8;0.243633892243753
plate2#B17;78.15;85.33;0.237565400727374;0.113621775259893;0.175086146684402;0;0;5.22997403950949;B17;G6-Z08;NA;Z08;6;NA;plate2;V6;DW;8;0.245447191434556
plate2#B18;77.66;84.95;0.441469516821782;0.203996050204079;NA;0;NA;2.05632449036131;B18;6-100%;calib;6-100%;NA;100%;plate2;V6;NA;NA;NA
plate2#B19;77.57;85.44;0.290978519995657;0.128804272737037;0.229178349849725;0;0;5.53712928835622;B19;G3-N09;NA;N09;3;NA;plate2;V6;VFP;9;0.310558231509185
plate2#B2;80.86;84.95;0;0;0;0;NA;2.24784780643817;B2;6-25%;calib;6-25%;NA;25%;plate2;V6;NA;NA;-0.00550094891728664
plate2#B23;77.54;85.33;0.265894088572445;0.130002673280866;0.197167571368545;0;0;6.3534259105607;B23;G6-N08;NA;N08;6;NA;plate2;V6;DW;8;0.272758164327307
plate2#C10;77.23;84.86;0.230405240267859;0.101320965446964;0.176090149095682;0;0.00742737612462279;6.47551366295483;C10;G6-Z09;NA;Z09;6;NA;plate2;V6;VFP;9;0.246715385296555
plate2#C12;77.77;85;0.237818501426219;0.108574471821302;0.174074517209213;0;0.00124749266785954;4.92199114462747;C12;G6-N08;NA;N08;6;NA;plate2;V6;DW;8;0.244166396952111
plate2#C24;77.66;85.56;0.170164767103912;0.0580152441068831;0.103427618213357;0;0.00011345140987567;5.58320611626346;C24;G3-N11;NA;N11;3;NA;plate2;V6;RA;11&12;0.146809278271972
plate2#D1;77.94;85.44;0.241453692585916;0.106532302734122;0.180054534605615;0;0;6.98387128874704;D1;G3-N10;NA;N10;3;NA;plate2;V6;VFP;10;0.251695426104745
plate2#D13;77.83;85.07;0.170036490435688;0.0468460337374724;0.102623955504882;0;0;5.01956448545539;D13;G3-N11;NA;N11;3;NA;plate2;V6;RA;11&12;0.145632036026877
plate2#D15;77.77;85;0.271217673838169;0.14783597586034;0.220213155318867;0;0;4.83085010893511;D15;G3-N09;NA;N09;3;NA;plate2;V6;VFP;9;0.300179997290784
plate2#D2;77.94;85.38;0.216550335768707;0.0897876045939302;0.165778438844995;0;0.000885423439840909;6.96949793006961;D2;G6-Z12;NA;Z12;6;NA;plate2;V6;RA;11&12;0.233543236025094
plate2#D20;78.15;84.95;0.273840495780185;0.067501611104952;0.164810097404227;0;NA;2.5510511121473;D20;6-50%;calib;6-50%;NA;50%;plate2;V6;NA;NA;0.23228861657393
plate2#D24;77.77;85.53;0.208529375852877;0.0814789121003697;0.140526469293797;0;4.64674149881185e-05;5.84418126713229;D24;G6-N12;NA;N12;6;NA;plate2;V6;RA;11&12;0.199754021268067
plate2#D8;80.45;84.84;0;0;NA;0;NA;1.77267820821943;D8;6-0%;calib;6-0%;NA;0%;plate2;V6;NA;NA;NA
plate2#E1;79.32;84.95;0;0;NA;0;NA;2.56055327652957;E1;6-0%;calib;6-0%;NA;0%;plate2;V6;NA;NA;NA
plate2#E15;79.32;84.78;0;0;0;0;NA;1.2822444467308;E15;6-100%;calib;6-100%;NA;100%;plate2;V6;NA;NA;-0.00550094891728664
plate2#E18;77.47;85.04;0.290573722424377;0.158885766402731;0.226281552083113;0;0.0042004485333197;6.40862182440687;E18;G3-N10;NA;N10;3;NA;plate2;V6;VFP;10;0.30722295875927
plate2#E24;77.74;85.47;0.231447405703387;0.105231409081613;0.162210338494962;0;0;5.94317674895847;E24;G6-Z10;NA;Z10;6;NA;plate2;V6;VFP;10;0.228904356839996
plate2#E5;78.03;85.04;0.224230026165181;0.10208578399206;0.159943014030908;0;0.000621488040185418;7.23970481658931;E5;G6-N09;NA;N09;6;NA;plate2;V6;VFP;9;0.225933500445654
plate2#F15;80.39;84.84;0;0;NA;0;NA;1.58597654616241;F15;6-75%;calib;6-75%;NA;75%;plate2;V6;NA;NA;NA
plate2#F20;77.74;85.33;0.243990422957825;0.119687917427651;0.190344861160977;0;0;6.64045485911073;F20;G6-Z07;NA;Z07;6;NA;plate2;V6;DW;7;0.264438056317403
plate2#F24;81.12;85;0;0;0;0;NA;1.8707342992497;F24;6-75%;calib;6-75%;NA;75%;plate2;V6;NA;NA;-0.00550094891728664
plate2#F3;77.54;85.36;0.23353228406236;0.105676925477891;NA;0;0.0016692698482625;6.99643339538178;F3;G3-N07;NA;N07;3;NA;plate2;V6;DW;7;NA
plate2#F5;77.77;85.44;0.151385855946042;0.0356524261063921;0.0895693791895063;0;0;7.34769918928428;F5;G3-N12;NA;N12;3;NA;plate2;V6;RA;11&12;0.126393549237573
plate2#G1;80.05;85;0;0;0;0;NA;1.41508650939713;G1;6-75%;calib;6-75%;NA;75%;plate2;V6;NA;NA;-0.00550094891728664
plate2#G15;80.39;85.33;0;0;0;0;0.002126872334365;5.15961789508853;G15;G3-N12;NA;N12;3;NA;plate2;V6;RA;11&12;-0.00550094891728664
plate2#G22;78;85.44;0.223274113870375;0.10001527419275;0.158440856688476;0;0.00760342312452793;5.90620584324921;G22;G6-Z12;NA;Z12;6;NA;plate2;V6;RA;11&12;0.223955175161201
plate2#G24;78.15;85.47;0.21040734412628;0.0907562011148904;NA;0;0;6.20131492743033;G24;G6-N07;NA;N07;6;NA;plate2;V6;DW;7;NA
plate2#G8;77.6;85;0.210081329513211;0.0850594301220451;0.147793467850856;0;0;6.35315995451148;G8;G6-Z12;NA;Z12;6;NA;plate2;V6;RA;11&12;0.209702198904427
plate2#H12;77.74;85.04;0.222990549497586;0.0964472781545353;0.182724314671969;0;0.00815263325784461;5.87016527703919;H12;G3-N07;NA;N07;3;NA;plate2;V6;DW;7;0.255025735408297
plate2#H13;79.9;84.84;0;0;0;0;NA;1.81199718236755;H13;6-50%;calib;6-50%;NA;50%;plate2;V6;NA;NA;-0.00550094891728664
plate2#H15;77.6;85;0.258734854353215;0.124664072861016;0.200911912618776;0;0;5.49586991553735;H15;G6-Z08;NA;Z08;6;NA;plate2;V6;DW;8;0.277284930282555
plate2#H16;77.32;85.38;0.0883352035943597;0.00405124883658655;0.0300254001324262;0;0;6.05159739990077;H16;G3-N11;NA;N11;3;NA;plate2;V6;RA;11&12;0.0380974216830345
plate2#H2;80.37;85.38;0;0;0;0;0.081303015582597;6.92930501935674;H2;6-100%;calib;6-100%;NA;100%;plate2;V6;NA;NA;-0.00550094891728664
plate2#H4;78.03;85.33;0.210240626607765;0.0823628576980932;0.147534776064588;0;0.00212760891921795;5.87597709973934;H4;G6-Z07;NA;Z07;6;NA;plate2;V6;DW;7;0.20935099880558
plate2#H8;79.9;85;0;0;NA;0;NA;1.03676302769874;H8;6-25%;calib;6-25%;NA;25%;plate2;V6;NA;NA;NA
plate2#I1;80.52;85;0;0;0;0;NA;1.25044101877304;I1;6-50%;calib;6-50%;NA;50%;plate2;V6;NA;NA;-0.00550094891728664
plate2#I10;77.77;85;0.233531640646711;0.10621767802643;0.165592929640513;0;0;6.33976013293805;I10;G3-N08;NA;N08;3;NA;plate2;V6;DW;8;0.233303129191846
plate2#I12;77.2;85.04;0.203215950085847;0.0509932772929844;0.13934445407027;0;0;5.60413501484426;I12;G6-N12;NA;N12;6;NA;plate2;V6;RA;11&12;0.198120293590704
plate2#I22;80.52;85.53;0;0;NA;0;0.00750953957016816;5.97163823256126;I22;G6-N11;NA;N11;6;NA;plate2;V6;RA;11&12;NA
plate2#I23;78;85.44;0.219774130917009;0.0905990859092868;NA;0;0.00353060697898504;6.84413130584535;I23;G6-Z10;NA;Z10;6;NA;plate2;V6;VFP;10;NA
plate2#I6;77.54;85.38;0.15425329926314;0.034931474568235;0.0978150119962578;0;0;6.04669044786938;I6;G6-N11;NA;N11;6;NA;plate2;V6;RA;11&12;0.138568878712736
plate2#I7;77.54;85.04;0.248471600425531;0.127655448035029;0.18768064785568;0;0;5.69191373914171;I7;G6-Z08;NA;Z08;6;NA;plate2;V6;DW;8;0.261162410025277
plate2#J1;77.6;85.33;0.254488918070712;0.114837948470862;0.206914454654584;0;0;7.24473077018022;J1;G6-Z10;NA;Z10;6;NA;plate2;V6;VFP;10;0.284484547570688
plate2#J12;77.74;85.04;0.177522896170014;0.0483310195168712;0.119519124180614;0;0;5.68341926567417;J12;G6-N10;NA;N10;6;NA;plate2;V6;VFP;10;0.170150259903795
plate2#J14;77.77;85;0.253640331722058;0.12892650824887;0.195432534063183;0;0;5.93830263828617;J14;G6-Z07;NA;Z07;6;NA;plate2;V6;DW;7;0.270651307159343
plate2#J15;80.48;84.84;0;0;NA;0;NA;1.62724791328691;J15;6-0%;calib;6-0%;NA;0%;plate2;V6;NA;NA;NA
plate2#J4;77.74;85.44;0.171684357157154;0.0520805571573646;0.107591552352459;0;0;6.77822322800674;J4;G6-N12;NA;N12;6;NA;plate2;V6;RA;11&12;0.152892982667925
plate2#J9;77.57;85;0.228661130918142;0.106990245042311;0.16360914929053;0;0;6.57797207050003;J9;G6-N09;NA;N09;6;NA;plate2;V6;VFP;9;0.230728178133379
plate2#K12;80.45;85.04;0;0;0;0;0.00796455467775914;5.66306142658863;K12;G6-N11;NA;N11;6;NA;plate2;V6;RA;11&12;-0.00550094891728664
plate2#K20;80.52;84.78;0;0;NA;0;NA;2.52510387313312;K20;6-25%;calib;6-25%;NA;25%;plate2;V6;NA;NA;NA
plate2#L18;77.57;85.04;0.25939259982008;0.127008979427947;0.19635592024762;0;0;5.47533856551176;L18;G3-N08;NA;N08;3;NA;plate2;V6;DW;8;0.271773314179374
plate2#L21;77.6;85.33;0.228419542705914;0.10148846315953;0.171197078590115;0;0.00220626087941525;7.64473909005159;L21;G6-Z09;NA;Z09;6;NA;plate2;V6;VFP;9;0.240506550099702
plate2#L6;77.74;85.04;0.237617220209526;0.123735195437746;0.181653924117526;0;0;7.55321022228496;L6;G3-N08;NA;N08;3;NA;plate2;V6;DW;8;0.253692695660934
plate2#L7;77.47;85.33;0.187115755130904;0.0530328421397274;0.123030845691969;0;0;6.07534220466698;L7;G6-N10;NA;N10;6;NA;plate2;V6;VFP;10;0.175175846709461
plate2#M2;78.37;85.44;0.192057938310562;0.078748231092466;0.128202742500943;0;0.00400769453545839;8.25499979145813;M2;G6-Z09;NA;Z09;6;NA;plate2;V6;VFP;9;0.182525001665099
plate2#M5;78.03;85.07;0.222992326554476;0.0959909110234316;0.175097145290486;0;0.000527537944077736;7.64472793450033;M5;G6-Z11;NA;Z11;6;NA;plate2;V6;RA;11&12;0.245461099977199
plate2#N11;77.77;85.27;0.19321083667601;0.0755546269198329;0.137857331686892;0;0.00185829654570062;5.75738612056791;N11;G6-Z11;NA;Z11;6;NA;plate2;V6;RA;11&12;0.196058934453323
plate2#N12;77.68;85;0.235219316581369;0.115844066550238;0.174378124174789;0;0;5.33242882522815;N12;G3-N10;NA;N10;3;NA;plate2;V6;VFP;10;0.244551101118385
plate1#A13;77.35;83.83;1;1;1;0;0.00294529058693689;7.63187150582435;A13;7-100%;calib;7-100%;NA;100%;plate1;V7;NA;NA;0.999625044129428
plate1#A16;77.75;85.41;0.192177918706599;0.0657699756521902;0.148796694071473;0;0;6.49530058180284;A16;G1-N14;NA;N14;1;NA;plate1;V7;DW;14;0.354692435182925
plate1#B11;77.35;85.33;0.176073282582217;0.0439647543179877;0.114146800043285;0;0;7.68494314210382;B11;G1-Z18;NA;Z18;1;NA;plate1;V7;RA;17&18;0.295739206249001
plate1#B13;77.51;85.41;0.160314523291781;0.0406176491114326;0.116932629118773;0;0.00596338459183706;7.61388746434398;B13;G1-N17;NA;N17;1;NA;plate1;V7;RA;17&18;0.301077247211195
plate1#B20;78.01;85.47;0.155987812508403;0.0420106512743668;0.0913872340770797;0;0;8.1063691241708;B20;G1-Z17;NA;Z17;1;NA;plate1;V7;RA;17&18;0.248192331738452
plate1#B3;78.04;85.47;0.18982236725203;0.0732501479399094;0.121060454980719;0;0;7.89522353316593;B3;G3-Z15;NA;Z15;3;NA;plate1;V7;VFP;15;0.30876440139392
plate1#C1;78.12;85.47;0.14559072206918;0.0243020372085961;0.0764539701609432;0;0;8.13521855943496;C1;14;NA;14;0;NA;plate1;V7;DW;14;0.213745720196696
plate1#C10;77.75;85.3;0.182355270753706;0.0637133094173368;0.126382826963705;0;0.00239264600881007;7.07251294806594;C10;G1-N15;NA;N15;1;NA;plate1;V7;VFP;15;0.318291948919572
plate1#C14;77.92;85.41;0.157726463655239;0.041629902883516;NA;0;0;6.30202408752155;C14;G1-Z17;NA;Z17;1;NA;plate1;V7;RA;17&18;NA
plate1#C20;77.92;85.47;0.169735950874863;0.0399548569648329;0.104690992558185;0;0;7.60590078555299;C20;G1-N15;NA;N15;1;NA;plate1;V7;VFP;15;0.276789010344079
plate1#C9;77.81;85.47;0.137514863584145;0.0167898578525865;0.0730893832434155;0;0;7.37416536109354;C9;13;NA;13;0;NA;plate1;V7;DW;13;0.205681737870378
plate1#D17;77.84;85.41;0.190067680683079;0.0612994751262193;0.141734008955494;0;0;7.02829932008823;D17;G1-Z16;NA;Z16;1;NA;plate1;V7;VFP;16;0.343784263756076
plate1#D24;77.51;85.47;0.204022271465793;0.0701939347969135;NA;0;0;6.74171779246375;D24;G1-N16;NA;N16;1;NA;plate1;V7;VFP;16;NA
plate1#D3;78.68;85.47;0;0;0;0;0.00070074763288236;9.16614947725439;D3;7-0%;calib;7-0%;NA;0%;plate1;V7;NA;NA;0.0134700946189624
plate1#D6;77.81;85.39;0.191089152364734;0.065365145391565;0.136229235359115;0;0;8.12983331235588;D6;G3-Z13;NA;Z13;3;NA;plate1;V7;DW;13;0.334949407041721
plate1#D7;77.64;84.97;0.364733274557256;0.238673665595733;0.305265419380234;0;0;7.65690258052144;D7;7-50%;calib;7-50%;NA;50%;plate1;V7;NA;NA;0.516882318823486
plate1#D8;77.98;85.3;0.163672020831366;0.0426433541957182;0.104004581533972;0;0;7.57895614911569;D8;7-25%;calib;7-25%;NA;25%;plate1;V7;NA;NA;0.275366653967795
plate1#E12;77.47;85.41;0.162148272689057;0.0379971607504852;NA;0;0;6.97832162250336;E12;13;NA;13;0;NA;plate1;V7;DW;13;NA
plate1#E14;80.22;85.41;0;0;0;0;0.000880274699209614;6.61211333245172;E14;G1-N13;NA;N13;1;NA;plate1;V7;DW;13;0.0134700946189624
plate1#E15;77.58;85.41;0.162395450172685;0.0408515734873712;NA;0;0.000841040717337993;6.76975525343607;E15;G1-Z18;NA;Z18;1;NA;plate1;V7;RA;17&18;NA
plate1#E18;77.67;85.21;0.368863917186344;0.238662634748002;0.327444206882849;0;0;7.68385654610241;E18;7-50%;calib;7-50%;NA;50%;plate1;V7;NA;NA;0.532562273534567
plate1#E19;77.72;85.47;0.145937224210084;0.0230781466139958;0.0907440617788063;0;0;8.41302194873507;E19;G1-N17;NA;N17;1;NA;plate1;V7;RA;17&18;0.246757262454221
plate1#E2;77.64;85.47;0.201695133086569;0.066062924528777;0.134735469046559;0;0.00437772465099002;8.40742699535292;E2;G3-Z15;NA;Z15;3;NA;plate1;V7;VFP;15;0.332496174726037
plate1#E22;77.75;85.41;0.203913771571507;0.0683282680548509;0.140183307845622;0;0.00274902503479292;7.09278625876659;E22;G1-Z16;NA;Z16;1;NA;plate1;V7;VFP;16;0.341326959067025
plate1#E7;77.64;84.94;0.672968022576054;0.585787801556566;0.654342601926472;0;0.00405204388525104;8.55393059953489;E7;7-75%;calib;7-75%;NA;75%;plate1;V7;NA;NA;0.750521388492308
plate1#F18;77.67;85.41;0.149427465765544;0.0205166586186188;0.101562949426307;0;0.00205097850298558;8.0869372317391;F18;G1-N18;NA;N18;1;NA;plate1;V7;RA;17&18;0.270258771404719
plate1#F6;77.81;85.39;0.199233275713686;0.0699286537660676;0.136205221948487;0;0;7.96073798480328;F6;G3-Z15;NA;Z15;3;NA;plate1;V7;VFP;15;0.334910165279344
plate1#G10;77.88;85.27;0.170499112263945;0.0635114520001435;0.12669290276329;0;0;6.78053911005248;G10;7-25%;calib;7-25%;NA;25%;plate1;V7;NA;NA;0.318834901414675
plate1#G14;77.57;84.94;0.201720880280458;0.0653235920585316;0.139861526883324;0;0;7.14120971027503;G14;G1-N16;NA;N16;1;NA;plate1;V7;VFP;16;0.340814040063031
plate1#G17;77.57;85.39;0.19159541944406;0.0658854567654173;0.125795239384837;0;0.0036667929925416;7.65952982584607;G17;G1-N13;NA;N13;1;NA;plate1;V7;DW;13;0.317259564791657
plate1#G18;77.57;85.27;0.181944578664382;0.0413052376982643;0.111442480546112;0;0;8.52843268158827;G18;G1-Z18;NA;Z18;1;NA;plate1;V7;RA;17&18;0.290446959217654
plate1#G21;77.26;85.41;0.216273371798026;0.0732020191151086;0.148413844375313;0;0.00276009937805756;6.97931766444097;G21;G1-Z14;NA;Z14;1;NA;plate1;V7;DW;14;0.354112265271188
plate1#G22;77.58;85.47;0.183429950963664;0.066846171925201;0.118646861175804;0;0.000888487503683386;7.19569331804265;G22;G3-Z14;NA;Z14;3;NA;plate1;V7;DW;14;0.304302528581771
plate1#G6;77.47;85.21;0.338718254102859;0.204632161656449;0.275122902830443;0;0.00860479186100797;6.86635924364181;G6;7-50%;calib;7-50%;NA;50%;plate1;V7;NA;NA;0.494609999321641
plate1#H17;77.47;85.41;0.182984801312694;0.0581511355105361;0.115137464398725;0;0;7.46778446326339;H17;G3-Z13;NA;Z13;3;NA;plate1;V7;DW;13;0.297650926485269
plate1#H21;77.07;84.39;1;1;1;0;0;6.98573418652955;H21;7-100%;calib;7-100%;NA;100%;plate1;V7;NA;NA;0.999625044129428
plate1#H3;77.64;85.47;0.177875653053019;0.04332515374359;0.119476502646229;0;0.006164324691094;7.68105597089501;H3;G1-Z17;NA;Z17;1;NA;plate1;V7;RA;17&18;0.30584679798998
plate1#H4;79.09;85.5;0;0;NA;0;0.000831197350349641;7.40999471762367;H4;7-0%;calib;7-0%;NA;0%;plate1;V7;NA;NA;NA
plate1#H8;77.57;85.41;0.173455630611885;0.0551803061478693;0.11581920747292;0;0.00240551319252764;7.22527396361404;H8;16;NA;16;0;NA;plate1;V7;VFP;16;0.298957923384546
plate1#H9;77.64;85.39;0.177463169136525;0.0693304512565592;0.119135133022781;0;0;7.59544079168413;H9;G1-Z14;NA;Z14;1;NA;plate1;V7;DW;14;0.305212713875693
plate1#I12;77.04;84.97;0.171801340575005;0.0251021277335214;0.104012139285042;0;0.00684212732569436;7.67371196352748;I12;G1-N18;NA;N18;1;NA;plate1;V7;RA;17&18;0.27538234766764
plate1#I15;77.64;85.39;0.174134912070665;0.0527272921124871;0.108153507624601;0;0.000795170168431719;7.17342934845759;I15;G3-Z13;NA;Z13;3;NA;plate1;V7;DW;13;0.283870464818
plate1#I2;77.72;85;0.640615321153123;0.546871852535992;0.612595401703473;0;0;8.53035899716764;I2;7-75%;calib;7-75%;NA;75%;plate1;V7;NA;NA;0.72659425948993
plate1#J14;77.75;85.33;0.168589172608305;0.059525220757743;0.119763810638563;0;0.00271692238559663;6.30103144581647;J14;G1-N13;NA;N13;1;NA;plate1;V7;DW;13;0.306379014420172
plate1#J18;76.98;84.48;1;1;1;0;0;6.69008100300115;J18;7-100%;calib;7-100%;NA;100%;plate1;V7;NA;NA;0.999625044129428
plate1#J2;77.47;85.41;0.209032480532597;0.0715181346893821;0.150720726827985;0;0.0007901608779536;8.72750907312984;J2;17&18;NA;17&18;0;NA;plate1;V7;RA;17&18;0.357590287183323
plate1#J24;77.2;85.72;0.172771522310508;0.0617947083615833;0.118589808969068;NA;0;6.54939244852749;J24;G1-Z14;NA;Z14;1;NA;plate1;V7;DW;14;0.304195930431833
plate1#J4;77.64;85.47;0.17783675825155;0.053726277568036;0.112578864441257;0;0;7.33643007327589;J4;G1-N14;NA;N14;1;NA;plate1;V7;DW;14;0.292683776179503
plate1#J6;77.92;85.41;0.165692008861902;0.0523610561750875;0.120207999011726;0;0;6.3707261496045;J6;7-75%;calib;7-75%;NA;75%;plate1;V7;NA;NA;0.307199218950946
plate1#J7;77.64;85.41;0.143002922367088;0.0307175612564531;0.10193113540493;0;0;7.83962197977635;J7;G1-N18;NA;N18;1;NA;plate1;V7;RA;17&18;0.271033810792971
plate1#K11;77.58;85.27;0.177157465871345;0.0588636819060636;0.108257822703623;0;0.00265015379566324;6.68645937465356;K11;G1-Z15;NA;Z15;1;NA;plate1;V7;VFP;15;0.284081337163343
plate1#K13;77.07;85.3;0.19234371530432;0.0594504691038568;0.123617670361482;0;0;7.74825675257481;K13;7-25%;calib;7-25%;NA;25%;plate1;V7;NA;NA;0.313392573582536
plate1#K15;77.67;85.27;0.187935328618758;0.0724164649936585;0.122004570209176;0;0.000791184954438841;7.20614783556002;K15;G1-N14;NA;N14;1;NA;plate1;V7;DW;14;0.310484559379885
plate1#K17;77.51;85.47;0.172447801778632;0.0533135534619166;0.111921590177395;0;0;8.10829317482885;K17;16;NA;16;0;NA;plate1;V7;VFP;16;0.291392285366317
plate1#K18;80.34;85.47;0;0;0;0;0.0008789005152564;6.63879976785897;K18;G1-N17;NA;N17;1;NA;plate1;V7;RA;17&18;0.0134700946189624
plate1#K23;77.35;85.47;0.203272395156345;0.0674282951698604;0.155635122061131;0;0.0025608938960666;8.07403793861343;K23;G3-Z14;NA;Z14;3;NA;plate1;V7;DW;14;0.364864199549702
plate1#K24;77.81;85.41;0.170825341794989;0.057166806075648;0.114799469794354;0;0.0048864286318155;7.86657624212924;K24;15;NA;15;0;NA;plate1;V7;VFP;15;0.297000339306539
plate1#K4;77.75;85.47;0.175963865067512;0.0642114761233075;0.110913208874076;0;0.00700238933273805;8.03397091430083;K4;G1-Z15;NA;Z15;1;NA;plate1;V7;VFP;15;0.289398854850267
plate1#K5;77.67;85.47;0.172183933187267;0.0609553700564084;0.11487372192515;0;0;9.29002776235457;K5;15;NA;15;0;NA;plate1;V7;VFP;15;0.297143410416267
plate1#K9;77.72;85.33;0.175602044326316;0.047914575908135;0.102818331425858;0;0;7.01780447378446;K9;G1-Z16;NA;Z16;1;NA;plate1;V7;VFP;16;0.272894407316022
plate1#L12;77.67;85.3;0.174855628932626;0.0655713942941689;NA;0;0;7.22211206307188;L12;G1-Z13;NA;Z13;1;NA;plate1;V7;DW;13;NA
plate1#L15;77.67;85.27;0.169610908783473;0.0570565447195307;0.109927303359934;0;0;6.76671233164785;L15;G1-Z13;NA;Z13;1;NA;plate1;V7;DW;13;0.287435952969221
plate1#L16;77.58;85.47;0.175650159327106;0.0571285252402473;0.115742900424359;0;0;6.93592076661734;L16;13;NA;13;0;NA;plate1;V7;DW;13;0.298811982786177
plate1#L18;77.47;85.39;0.191014592020244;0.0486018209643723;NA;0;0.00270883181977112;6.79180288206516;L18;G1-Z15;NA;Z15;1;NA;plate1;V7;VFP;15;NA
plate1#L23;79.09;85.8;0;0;0;0;0.000795930036703728;8.10729264583745;L23;7-0%;calib;7-0%;NA;0%;plate1;V7;NA;NA;0.0134700946189624
plate1#L4;77.84;85.47;0.163061581059535;0.0466253091178067;0.106408182035487;0;0.00269931154330005;9.33046283638104;L4;14;NA;14;0;NA;plate1;V7;DW;14;0.280320669455808
plate1#L7;77.72;85.47;0.160061888427518;0.0506642777819353;NA;0;0;7.66569131091674;L7;14;NA;14;0;NA;plate1;V7;DW;14;NA
plate1#M4;77.88;85.47;0.167377365934327;0.0444630048278217;0.108167545236706;0;0.00140640233014621;8.86996979276253;M4;15;NA;15;0;NA;plate1;V7;VFP;15;0.283898850345999
plate1#M9;77.98;85.3;0.14631997430015;0.039154794695968;0.0926128336103436;NA;0.00183938583127713;6.46629656565886;M9;17&18;NA;17&18;0;NA;plate1;V7;RA;17&18;0.25091408043335
plate1#N1;77.98;85.47;0.183979174749247;0.0546759828463417;NA;0;0;9.57386090692755;N1;G1-Z13;NA;Z13;1;NA;plate1;V7;DW;13;NA
plate1#N3;77.84;85.39;0.198124211532153;0.072505167173232;0.13988463639613;0;0.000707625749371252;9.45059029937607;N3;G1-N16;NA;N16;1;NA;plate1;V7;VFP;16;0.340850911616353
plate2#A1;78;85.47;0.158336596408652;0.0391486072752836;0.115275574947657;0;0;6.19737622926158;A1;G6-N13;NA;N13;6;NA;plate2;V7;DW;13;0.29791627236974
plate2#A13;77.68;85.04;0.177426496796001;0.0627723834788946;0.107985712372156;0;0.00232189038591693;5.13207557983198;A13;G6-Z17;NA;Z17;6;NA;plate2;V7;RA;17&18;0.283530959052587
plate2#A17;77.57;85.53;0.217621954510253;0.0697551401867264;NA;0;0;5.26999902443589;A17;G3-N13;NA;N13;3;NA;plate2;V7;DW;13;NA
plate2#A8;77.68;85.33;0.188111757358264;0.0752417353432;0.12925135121909;0;0.00103385479861367;5.69945216483845;A8;G6-Z13;NA;Z13;6;NA;plate2;V7;DW;13;0.32326726007388
plate2#A9;80.45;85.04;0;0;0;0;0;5.2911789457582;A9;G6-N16;NA;N16;6;NA;plate2;V7;VFP;16;0.0134700946189624
plate2#B10;77.54;85;0.309676198862306;0.198338363677778;0.267009834522284;0;0;5.35817193508268;B10;7-50%;calib;7-50%;NA;50%;plate2;V7;NA;NA;0.488172837914284
plate2#B11;78.98;85.33;0.135288402333036;0.0548560573353844;0.0842910945436332;0;0.0108830640308988;5.12015446979097;B11;G6-Z13;NA;Z13;6;NA;plate2;V7;DW;13;0.232109994556403
plate2#B12;77.57;85.07;0.177929018782817;0.0376636462773275;0.111839310605176;0;0;5.0885893236697;B12;G6-Z18;NA;Z18;6;NA;plate2;V7;RA;17&18;0.291230174261778
plate2#B16;77.6;85.36;0.141017155340977;0.0463569301667729;0.0908211640315908;NA;0;4.95772250760956;B16;G6-Z18;NA;Z18;6;NA;plate2;V7;RA;17&18;0.246929539119917
plate2#B21;78.03;85.53;0.202689256792505;0.0747486062375419;0.124950098919189;0;0;5.87291961714264;B21;G3-Z16;NA;Z16;3;NA;plate2;V7;VFP;16;0.315766506483851
plate2#B22;77.17;85.53;0.232819774302589;0.0658448313979051;0.153292800038567;0;0.00187639787858879;6.36805645016104;B22;G3-N14;NA;N14;3;NA;plate2;V7;DW;14;0.361419725019706
plate2#B24;80.45;85.59;0;0;0;0;0.000172925595734968;5.32723738911799;B24;G3-N18;NA;N18;3;NA;plate2;V7;RA;17&18;0.0134700946189624
plate2#B4;78.66;85.53;0;0;0;0;0;6.88423853251131;B4;G3-N17;NA;N17;3;NA;plate2;V7;RA;17&18;0.0134700946189624
plate2#B5;78.92;85.47;0.10998805615249;0.0292338949586535;0.0542828156595684;0;0;6.10669047845488;B5;G3-Z18;NA;Z18;3;NA;plate2;V7;RA;17&18;0.158873009215497
plate2#C13;77.54;85.44;0.176079007181886;0.0711067480799809;0.113260148728185;0;0.00349930409383138;5.10712756108961;C13;G3-N13;NA;N13;3;NA;plate2;V7;DW;13;0.294015826360119
plate2#C15;80.48;85.27;0;0;0;0;0;4.49519657399344;C15;G3-Z18;NA;Z18;3;NA;plate2;V7;RA;17&18;0.0134700946189624
plate2#C16;80.31;85.36;0;0;0;0;0;4.49422701532774;C16;G6-N18;NA;N18;6;NA;plate2;V7;RA;17&18;0.0134700946189624
plate2#C18;77.83;85.04;0.33026646437624;0.204704158167019;0.28567594738477;0;0;5.4813806470475;C18;7-50%;calib;7-50%;NA;50%;plate2;V7;NA;NA;0.502646350041066
plate2#C2;77.77;85.47;0.180753476124517;0.0648570472174437;0.109958799354064;0;0;7.01882132842741;C2;G3-N14;NA;N14;3;NA;plate2;V7;DW;14;0.287498870698056
plate2#C4;78.55;85.53;0;0;0;0;0;7.30705857364837;C4;7-0%;calib;7-0%;NA;0%;plate2;V7;NA;NA;0.0134700946189624
plate2#C6;80.37;85.47;0;0;0;0;0;6.59038537603579;C6;G6-N17;NA;N17;6;NA;plate2;V7;RA;17&18;0.0134700946189624
plate2#C7;77.2;83.92;1;1;1;0;0;6.63393698179325;C7;7-100%;calib;7-100%;NA;100%;plate2;V7;NA;NA;0.999625044129428
plate2#C8;77.54;84.95;0.686185594613798;0.601191439333149;0.661963965781258;0;0.0018875920977067;5.83529911290171;C8;7-75%;calib;7-75%;NA;75%;plate2;V7;NA;NA;0.754888815234041
plate2#D14;77.74;85.04;0.177000169345969;0.054128854743604;0.108776817090364;0;0;5.03705660324644;D14;G3-N15;NA;N15;3;NA;plate2;V7;VFP;15;0.285128285361969
plate2#D16;80.52;85.33;0;0;0;0;0;4.96444684153948;D16;G6-Z17;NA;Z17;6;NA;plate2;V7;RA;17&18;0.0134700946189624
plate2#D17;77.07;84.19;1;1;1;0;0;5.88374651049037;D17;7-100%;calib;7-100%;NA;100%;plate2;V7;NA;NA;0.999625044129428
plate2#D21;77.6;85.44;0.16885827878302;0.0449646017963018;0.0993491145837871;0;0;6.28326323578156;D21;G3-Z18;NA;Z18;3;NA;plate2;V7;RA;17&18;0.265563234845085
plate2#D22;77.66;85.47;0.182841094121457;0.0361215357996336;NA;0;0;6.32323157142423;D22;G6-Z15;NA;Z15;6;NA;plate2;V7;VFP;15;NA
plate2#D5;77.66;85.36;0.17325678392686;0.0454882288581993;0.10513105010318;0;0.00217829142517815;7.72547674020754;D5;G6-Z16;NA;Z16;6;NA;plate2;V7;VFP;16;0.277697698677079
plate2#D7;77.47;85.36;0.181431315129489;0.0624744576920101;0.119057401906996;0;0.00944123597261322;6.78684081207569;D7;G3-N15;NA;N15;3;NA;plate2;V7;VFP;15;0.305068069973733
plate2#D9;77.88;85.33;0.143651784236725;0.032107393423708;0.0708920229984683;0;0;5.7668098437885;D9;G6-N15;NA;N15;6;NA;plate2;V7;VFP;15;0.200360276001234
plate2#E13;79.96;85.33;0;0;NA;0;0;5.5665945102598;E13;G3-N17;NA;N17;3;NA;plate2;V7;RA;17&18;NA
plate2#E16;77.6;84.95;0.707595061222885;0.614796613262404;0.683450301914941;0;0.00891680558336677;5.47617805802006;E16;7-75%;calib;7-75%;NA;75%;plate2;V7;NA;NA;0.76745849839311
plate2#E22;77.6;85.53;0.179494035214958;0.0560520358343502;NA;0;0;6.27581611674232;E22;G6-Z16;NA;Z16;6;NA;plate2;V7;VFP;16;NA
plate2#E3;78.18;85.44;0.134396088759815;0.036557987269588;0.0844068545730553;0;0;7.08274664615937;E3;G6-N15;NA;N15;6;NA;plate2;V7;VFP;15;0.232376639514934
plate2#E4;77.6;85.44;0.161387155112591;0.0513841330661822;0.105719546551631;0;0;6.98621944592154;E4;G3-N16;NA;N16;3;NA;plate2;V7;VFP;16;0.278908989499843
plate2#F10;77.11;85.04;0.201936180732139;0.0459587756667958;0.115783933121313;0;0.00566495073472677;5.9111001013908;F10;G6-N14;NA;N14;6;NA;plate2;V7;DW;14;0.298890470652244
plate2#F11;77.74;85;0.174527524209428;0.0390522905276822;0.0973620216277448;0;0.00282626477075338;5.63941909156753;F11;G6-Z15;NA;Z15;6;NA;plate2;V7;VFP;15;0.261297749986617
plate2#F12;77.6;85.04;0.186611518664267;0.0593854499914464;0.117025643259232;0;0.000909544171560415;5.55214008234377;F12;G3-N14;NA;N14;3;NA;plate2;V7;DW;14;0.30125342871486
plate2#F18;77.54;85.33;0.195385581591102;0.0629580871175327;0.119706678666313;0;0;6.59456075848207;F18;G6-N14;NA;N14;6;NA;plate2;V7;DW;14;0.306273287574217
plate2#F2;79.05;85.53;0.10613076685755;0.0350945996644525;0.0618774858728714;0;0;7.23337445470117;F2;G6-Z18;NA;Z18;6;NA;plate2;V7;RA;17&18;0.178104636555332
plate2#F23;77.38;85.53;0.187540164056016;0.047008030245022;0.124820581669113;0;0;6.57582816050672;F23;G3-N16;NA;N16;3;NA;plate2;V7;VFP;16;0.315536834380563
plate2#F4;80.37;85.47;0;0;0;0;0;7.10276097224281;F4;G6-N18;NA;N18;6;NA;plate2;V7;RA;17&18;0.0134700946189624
plate2#G11;77.11;84.84;0.695699794074386;0.586560841000258;NA;0;0;5.35112363120103;G11;7-75%;calib;7-75%;NA;75%;plate2;V7;NA;NA;NA
plate2#G13;76.28;85;0.148824010665272;0.0156538219555713;0.0709570760296985;0;0;5.24214962779769;G13;G6-N18;NA;N18;6;NA;plate2;V7;RA;17&18;0.200518426931009
plate2#G14;77.47;83.95;1;1;1;0;0;5.50258285565932;G14;7-100%;calib;7-100%;NA;100%;plate2;V7;NA;NA;0.999625044129428
plate2#G16;79.7;85.36;0;0;0;0;0.00162842993962607;6.11132359577647;G16;G3-N17;NA;N17;3;NA;plate2;V7;RA;17&18;0.0134700946189624
plate2#G18;78.15;85.53;0;0;0;0;0.00148387860981679;6.42347474495532;G18;7-0%;calib;7-0%;NA;0%;plate2;V7;NA;NA;0.0134700946189624
plate2#G2;77.74;85.53;0.137159096118182;0.0258396496535381;0.0807369916265316;0;0;7.70034687197479;G2;G3-N18;NA;N18;3;NA;plate2;V7;RA;17&18;0.223856933977366
plate2#G3;77.38;85.47;0.17365575489674;0.029491452673706;0.113855446245146;0;0;7.13273777209206;G3;G3-Z17;NA;Z17;3;NA;plate2;V7;RA;17&18;0.295174184687546
plate2#G4;77.88;85.56;0.170127160128579;0.0572420763050722;0.110504190295677;0;0;6.78776304822622;G4;G3-N13;NA;N13;3;NA;plate2;V7;DW;13;0.288586169779576
plate2#H11;77.41;85.04;0.186772172518469;0.0567222913353862;0.116062747775191;0;0;6.22920735626099;H11;G3-Z17;NA;Z17;3;NA;plate2;V7;RA;17&18;0.299423110970419
plate2#H20;79.87;85.53;0;0;0;0;0;6.29946493092826;H20;G6-N17;NA;N17;6;NA;plate2;V7;RA;17&18;0.0134700946189624
plate2#I15;78.03;85.04;0.17784329653899;0.054626069293886;0.104621043973599;0;0.0060834039616951;5.54819938556055;I15;G6-Z14;NA;Z14;6;NA;plate2;V7;DW;14;0.276644341720229
plate2#I16;77.32;85.36;0.20819051070307;0.0648658154252589;0.15058645652239;0;0.0115396125950304;5.97953492319721;I16;G6-Z13;NA;Z13;6;NA;plate2;V7;DW;13;0.357389003505892
plate2#I19;77.32;85.44;0.187279642345374;0.0460546850501507;0.12255973864363;0;0;6.62991051792351;I19;G3-Z17;NA;Z17;3;NA;plate2;V7;RA;17&18;0.31148971943983
plate2#I24;77.6;85.56;0.0654591166815549;0.00927223840173557;0.0270399079712287;0;0.016291530012995;6.73077086151258;I24;G6-N17;NA;N17;6;NA;plate2;V7;RA;17&18;0.0871167626486774
plate2#I5;77.38;85.04;0.326018320020297;0.186981585354569;0.260588320911196;0;0;6.04638538885142;I5;7-50%;calib;7-50%;NA;50%;plate2;V7;NA;NA;0.482887154399993
plate2#J18;77.47;85.36;0.0524723099787226;0.00475163540257488;0.0154220473366488;0;0.00256283547164824;6.27316266849255;J18;G6-N15;NA;N15;6;NA;plate2;V7;VFP;15;0.0556275124007605
plate2#J7;77.54;85.33;0.202382977379419;0.0760522196634764;0.136508148861954;0;0.00076271950622159;6.43206447584725;J7;G6-Z14;NA;Z14;6;NA;plate2;V7;DW;14;0.335404733357022
plate2#J8;78.61;85.53;0;0;0;0;0;6.37525012613256;J8;7-0%;calib;7-0%;NA;0%;plate2;V7;NA;NA;0.0134700946189624
plate2#K1;78.15;85.47;0.169788547795743;0.0514681237934928;0.0953848351004481;0;0;7.78235457675875;K1;G6-Z15;NA;Z15;6;NA;plate2;V7;VFP;15;0.257006759232031
plate2#K10;77.68;85.07;0.173637392294346;0.0618035288677034;0.116228930294127;0;0;6.36413065479858;K10;G6-Z16;NA;Z16;6;NA;plate2;V7;VFP;16;0.299740016612485
plate2#K14;77.66;85.04;0.173453622369196;0.0586716622439644;0.111789362371373;0;0;5.92347891106262;K14;G3-Z16;NA;Z16;3;NA;plate2;V7;VFP;16;0.291131716501432
plate2#K18;78.03;85.44;0.144404411359321;0.0376455424065941;0.0799356126308393;0;0;6.59502733227319;K18;G3-N15;NA;N15;3;NA;plate2;V7;VFP;15;0.221978574420515
plate2#K19;77.66;85.33;0.181685747840834;0.0491829751928269;0.117626456625674;0;0;6.47418378479314;K19;G6-N13;NA;N13;6;NA;plate2;V7;DW;13;0.302388211066097
plate2#K21;77.68;85.36;0.190906301111399;0.0656369597880618;0.125534518511086;0;0.00151821517287976;7.18252866984512;K21;G6-Z14;NA;Z14;6;NA;plate2;V7;DW;14;0.316799999023927
plate2#K4;77.38;85.44;0.155836156624397;0.0346180900687366;0.0866897681552269;0;0.00149936875357887;7.52218533009666;K4;G6-Z17;NA;Z17;6;NA;plate2;V7;RA;17&18;0.237606607247946
plate2#L13;77.54;85.04;0.190754463830943;0.0665348625330618;0.123860377842126;0;0;6.13948622068986;L13;7-25%;calib;7-25%;NA;25%;plate2;V7;NA;NA;0.313826849629376
plate2#L14;77.57;85.04;0.178740680037096;0.0660031506960039;0.112238190308389;0;0;5.36600232012741;L14;G3-N16;NA;N16;3;NA;plate2;V7;VFP;16;0.292015157701451
plate2#L20;77.11;85.33;0.214318234401915;0.0703568685240276;0.151718776581683;0;0;6.39626916217654;L20;7-25%;calib;7-25%;NA;25%;plate2;V7;NA;NA;0.359082134483012
plate2#L22;78.21;85.44;0.125197685178191;0.00825438130270217;0.0466772320309768;0;0;6.63125412080486;L22;G6-N16;NA;N16;6;NA;plate2;V7;VFP;16;0.139229820501819
plate2#L3;77.88;85.38;0.166872656290694;0.0508357339949663;0.106237500279259;0;0;8.4866811220468;L3;7-25%;calib;7-25%;NA;25%;plate2;V7;NA;NA;0.279971355540656
plate2#L5;77.2;85.38;0.170946756787596;0.0296993245430947;0.0925012097093608;0;0;5.55928164556035;L5;G6-N16;NA;N16;6;NA;plate2;V7;VFP;16;0.250666894080366
plate2#L8;78.92;85.36;0.0979415461817188;0.025648485607236;0.0509206364963796;0;0;5.48808970290991;L8;G6-N13;NA;N13;6;NA;plate2;V7;DW;13;0.150233579766339
plate2#L9;80.31;85.38;0;0;0;0;0.00196905030936132;5.58431587573172;L9;G3-N18;NA;N18;3;NA;plate2;V7;RA;17&18;0.0134700946189624
plate2#M7;77.74;85.27;0.16454931094666;0.056007388859467;0.119430818349986;0;0.00362794200051864;5.37095711192764;M7;G3-Z16;NA;Z16;3;NA;plate2;V7;VFP;16;0.305762048998551
plate2#N7;78;85.04;0.155750286852316;0.0375557619504624;0.090317630461258;0;0;6.32790477717059;N7;G6-N14;NA;N14;6;NA;plate2;V7;DW;14;0.245803255258055
plate1#A1;77.98;85.27;0.237189763151581;0.122727962753775;0.195242059964106;0;0.0033281215870964;8.47998601463634;A1;G1-N19;NA;N19;1;NA;plate1;V8;DW;19;0.270419650820124
plate1#A14;77.32;85.3;0.25292347331422;0.108158652089414;0.182388455528249;0;0.000842146376144149;6.72724947509633;A14;G1-N22;NA;N22;1;NA;plate1;V8;VFP;22;0.254607772167686
plate1#A15;77.26;85.41;0.224190521048502;0.0870049650422735;0.162299803010631;0;0.00183049065062772;6.98410514187293;A15;G1-Z19;NA;Z19;1;NA;plate1;V8;DW;19;0.229021208649758
plate1#A18;77.98;85.39;0.215639691550922;0.0750679165925747;0.153708886240372;0;0;7.33884051578658;A18;21;NA;21;0;NA;plate1;V8;VFP;21;0.217670445235468
plate1#A8;78.01;83.83;1;1;1;0;0;6.07765871702478;A8;8-100%;calib;8-100%;NA;100%;plate1;V8;NA;NA;0.995889640434966
plate1#B15;76.57;84.88;0.495493942319855;0.344726263202555;0.459168727902774;0;0.0014514380502928;7.66496653609558;B15;8-50%;calib;8-50%;NA;50%;plate1;V8;NA;NA;0.511226531686693
plate1#B23;77.58;85.47;0.245585175551573;0.127872528131337;0.183658421147191;0;0.0100997636761225;7.21904599622502;B23;G1-N19;NA;N19;1;NA;plate1;V8;DW;19;0.256186735209452
plate1#B24;77.75;85.47;0.243595235231169;0.129752247411947;0.194196291453944;0;0;6.65807481448954;B24;G1-N19;NA;N19;1;NA;plate1;V8;DW;19;0.269146476345318
plate1#B6;77.67;85.33;0.184016254911693;0.0526678487183144;0.122576748600098;0;0.0109572869213657;7.82754881670074;B6;G1-N20;NA;N20;1;NA;plate1;V8;DW;20;0.174527555220337
plate1#B9;78.82;85.47;0;0;0;0;0.00393063226486526;7.30391146547961;B9;8-0%;calib;8-0%;NA;0%;plate1;V8;NA;NA;-0.00550094891728664
plate1#C12;77.81;85.21;0.212337101788778;0.0886549274410801;0.160371889597669;0;0.00247909902486301;6.75096206881551;C12;G1-N20;NA;N20;1;NA;plate1;V8;DW;20;0.226496851171839
plate1#C13;77.72;85.27;0.212109012691501;0.0834541010989804;0.146598928809935;0;0;7.04774150363147;C13;G1-Z22;NA;Z22;1;NA;plate1;V8;VFP;22;0.20807863379173
plate1#C15;77.23;85.47;0.0989214457915504;0.0110684381540502;0.045257087676438;0;0;6.40173498354268;C15;19;NA;19;0;NA;plate1;V8;DW;19;0.06050180491876
plate1#C19;77.81;85.47;0.186022358284823;0.0620363006014202;NA;0;0.000775847312443036;8.00978778317822;C19;G1-Z20;NA;Z20;1;NA;plate1;V8;DW;20;NA
plate1#C2;77.88;85.33;0.230498056632581;0.0977074554139998;0.177545053016337;0;0;8.89863463693942;C2;G1-N23;NA;N23;1;NA;plate1;V8;RA;23&24;0.248548044441032
plate1#C4;77.88;85.47;0.148072251054274;0.0239151117955303;0.0778332647288219;0;0.0057460510333957;8.77929593279273;C4;20;NA;20;0;NA;plate1;V8;DW;20;0.108964363768782
plate1#C5;77.47;84.94;0.859261314901441;0.815578158538806;0.85041790940543;0;0;8.62600945549929;C5;8-75%;calib;8-75%;NA;75%;plate1;V8;NA;NA;0.776128780071253
plate1#C6;77.84;85.33;0.218112547080645;0.0892197826755838;0.161019484615927;0;0.0121007338119045;7.9033132658768;C6;G1-N21;NA;N21;1;NA;plate1;V8;VFP;21;0.227346263373944
plate1#C7;77.75;85.47;0.128969798289427;0.0255226950113769;0.0694460604763018;0;0;8.21176553892574;C7;20;NA;20;0;NA;plate1;V8;DW;20;0.0964702244371773
plate1#D18;77.75;85.41;0.214311981215115;0.0771246467304643;NA;0;0;7.40558718074249;D18;G1-N24;NA;N24;1;NA;plate1;V8;RA;23&24;NA
plate1#D4;77.92;85.33;0.21605959963675;0.1055734035542;NA;0;0;8.23818244869638;D4;G1-N22;NA;N22;1;NA;plate1;V8;VFP;22;NA
plate1#E10;77.84;85.21;0.207480775014835;0.0877982180998454;NA;0;0.00214415683149433;7.46830908051964;E10;21;NA;21;0;NA;plate1;V8;VFP;21;NA
plate1#E20;78.88;85.47;0.101327920543996;0.00726924645095308;0.0413323645053105;0;0;7.6838486188778;E20;19;NA;19;0;NA;plate1;V8;DW;19;0.0547031292894417
plate1#E5;77.81;85.3;0.234954608462821;0.105509108766832;0.170156520969918;0;0;8.58046698390495;E5;8-25%;calib;8-25%;NA;25%;plate1;V8;NA;NA;0.239176737579094
plate1#F14;77.75;85.27;0.213995844097099;0.0714258351511333;0.152096828221467;0;0.000812813613050814;6.68821695359487;F14;22;NA;22;0;NA;plate1;V8;VFP;22;0.215511053095947
plate1#F4;77.88;85.21;0.214045906848366;0.0791587814340582;0.148899362565391;0;0.00130940351662471;9.58579590980287;F4;G1-Z24;NA;Z24;1;NA;plate1;V8;RA;23&24;0.21120102925399
plate1#F9;77.67;85.27;0.24570831205815;0.125403538248414;0.186292710345427;0;0;7.30447203350535;F9;8-25%;calib;8-25%;NA;25%;plate1;V8;NA;NA;0.259449681425317
plate1#G19;78.01;84.36;1;1;1;0;0;8.12524724334071;G19;8-100%;calib;8-100%;NA;100%;plate1;V8;NA;NA;0.995889640434966
plate1#G23;77.1;85.8;0.0899675385039191;0.00925255329009323;0.0376765547626312;0;0.00235835272032426;8.07367328628153;G23;8-0%;calib;8-0%;NA;0%;plate1;V8;NA;NA;0.0493172929756043
plate1#G24;77.64;85.41;0.215011414309982;0.0923194738046956;0.159132960353583;0;0.00912363775665191;7.9251459749036;G24;23&24;NA;23&24;0;NA;plate1;V8;RA;23&24;0.224867667060052
plate1#H10;77.64;85.21;0.222415291614519;0.100017811898557;0.16090613229738;0;0;7.07952457823034;H10;G1-Z23;NA;Z23;1;NA;plate1;V8;RA;23&24;0.227197693289892
plate1#H12;77.58;84.94;0.468210841535998;0.335438701254216;0.423178717113436;0;0.00627312710030591;6.9679845644054;H12;8-50%;calib;8-50%;NA;50%;plate1;V8;NA;NA;0.488937851264578
plate1#H24;77.57;85.47;0.213260850574384;0.0992418017771711;0.157801007526672;0;0.000967811280115148;7.16117952151932;H24;G1-Z20;NA;Z20;1;NA;plate1;V8;DW;20;0.223110056546209
plate1#H6;77.81;85.41;0.199235652079873;0.0685908889426197;0.135477623904383;0;0.00187838044758223;7.04617129177676;H6;G1-Z19;NA;Z19;1;NA;plate1;V8;DW;19;0.19274691397379
plate1#H7;77.38;85.33;0.22885274927634;0.0895968215726442;0.167814625449031;0;0;7.14610660403971;H7;G1-Z21;NA;Z21;1;NA;plate1;V8;VFP;21;0.236171130627864
plate1#I1;77.72;85.41;0.221780608345109;0.0909442342100738;NA;0;0;7.92291785855886;I1;G1-N24;NA;N24;1;NA;plate1;V8;RA;23&24;NA
plate1#I14;77.84;85.3;0.178969609018219;0.0732048230510639;0.116109764744924;0;0;6.82729784439357;I14;G1-Z19;NA;Z19;1;NA;plate1;V8;DW;19;0.165245684900259
plate1#I16;77.51;84.97;0.235151112239612;0.107983069708827;0.173811261078535;0;0;7.58141132382238;I16;G1-N23;NA;N23;1;NA;plate1;V8;RA;23&24;0.243832600445353
plate1#I20;77.14;85.41;0.240237126238067;0.0807118495470523;0.167639497479404;0;0;7.34692118881219;I20;G1-Z21;NA;Z21;1;NA;plate1;V8;VFP;21;0.235945651801538
plate1#I24;77.2;85.47;0.220795049592295;0.107270702053719;0.17843149409136;NA;0.00446310308454944;7.66591157451474;I24;G1-Z22;NA;Z22;1;NA;plate1;V8;VFP;22;0.24966175965129
plate1#I5;77.26;85.39;0.22179004276284;0.0929619911468093;0.186393469296416;0;0.0091077257759627;7.4859788641674;I5;23&24;NA;23&24;0;NA;plate1;V8;RA;23&24;0.259574166022027
plate1#I8;78.79;85.47;0.0850496794802948;0.0163995177808448;0.0391537366190759;0;0;7.38746950890447;I8;19;NA;19;0;NA;plate1;V8;DW;19;0.0514915761338065
plate1#I9;78.04;85.27;0.241846646766659;0.130432201659681;0.18117014487628;0;0;7.30656400072563;I9;G1-N23;NA;N23;1;NA;plate1;V8;RA;23&24;0.253089260635473
plate1#J1;77.58;85.41;0.225432724954814;0.0981396703922799;0.17971603281338;0;0.000809762374918522;8.35795998134807;J1;G1-N21;NA;N21;1;NA;plate1;V8;VFP;21;0.251271862638866
plate1#J10;77.38;85.3;0.250837152822645;0.127783859329078;0.184984988728653;0;0;6.90219135354903;J10;8-25%;calib;8-25%;NA;25%;plate1;V8;NA;NA;0.25783191263005
plate1#J21;77.44;85.41;0.20781440148706;0.0639514607135292;0.144445616976442;0;0.000813230007914699;7.81667379700136;J21;G1-Z24;NA;Z24;1;NA;plate1;V8;RA;23&24;0.205140118963637
plate1#J22;77.67;85.27;0.850405766026942;0.805428978289397;0.841081851146341;0;0.00364664109487241;7.03289551063459;J22;8-75%;calib;8-75%;NA;75%;plate1;V8;NA;NA;0.76529186523697
plate1#J9;77.51;85.3;0.217161330571431;0.101983218045429;0.160558359310206;0;0.00453067332501847;7.76644916681626;J9;G1-Z23;NA;Z23;1;NA;plate1;V8;RA;23&24;0.226741585136296
plate1#K10;77.72;85.3;0.225550932787043;0.108052291022416;0.163278188760798;0;0;6.85451710254045;K10;G1-Z22;NA;Z22;1;NA;plate1;V8;VFP;22;0.230297274690843
plate1#K16;80.34;85.5;0;0;0;0;0;6.52259061874084;K16;20;NA;20;0;NA;plate1;V8;DW;20;-0.00550094891728664
plate1#K2;77.98;85.27;0.844993239426436;0.794426637809194;0.834844454246835;0;0.0024594190365406;8.461339483671;K2;8-75%;calib;8-75%;NA;75%;plate1;V8;NA;NA;0.758323406200688
plate1#L14;77.81;85.21;0.219979557669274;0.0883387666250917;0.14920429770527;0;0;6.4138296633708;L14;G1-N21;NA;N21;1;NA;plate1;V8;VFP;21;0.211613583852402
plate1#L19;77.72;85.39;0.207570996492633;0.0908812336326599;NA;0;0.0090203548761873;7.31047917106605;L19;23&24;NA;23&24;0;NA;plate1;V8;RA;23&24;NA
plate1#L21;77.58;85.47;0.210149877377131;0.0827062825801392;0.15495521747765;0;0.00269512152965036;8.96566668198116;L21;22;NA;22;0;NA;plate1;V8;VFP;22;0.219333552657367
plate1#L3;77.75;85.41;0.208445672207014;0.0946038777928744;0.157990628325299;0;0;9.68175609612451;L3;22;NA;22;0;NA;plate1;V8;VFP;22;0.223360661903911
plate1#M1;77.84;85.41;0.219204345690964;0.0911616504465893;0.157240885444562;0;0.0049376575933527;8.9859711353499;M1;G1-Z23;NA;Z23;1;NA;plate1;V8;RA;23&24;0.22236904105217
plate1#M10;77.75;85.27;0.206626755996246;0.0909457599446093;0.142750383809826;0;0;6.24145726037669;M10;G1-Z20;NA;Z20;1;NA;plate1;V8;DW;20;0.202816246707038
plate1#M3;77.98;85;0.495567894752497;0.375012679730945;0.452274251794928;0;0.00294492222798055;8.92434092764712;M3;8-50%;calib;8-50%;NA;50%;plate1;V8;NA;NA;0.507160888086598
plate1#M7;77.88;85.33;0.209564871372614;0.0827342640179924;0.159031812537731;0;0;7.22653502368904;M7;G1-Z24;NA;Z24;1;NA;plate1;V8;RA;23&24;0.224734417058628
plate1#N10;80.25;85.47;0;0;NA;0;0.00510154134444309;6.64338906467577;N10;8-0%;calib;8-0%;NA;0%;plate1;V8;NA;NA;NA
plate1#N4;77.47;84.19;1;1;1;0;0;9.41206568647975;N4;8-100%;calib;8-100%;NA;100%;plate1;V8;NA;NA;0.995889640434966
plate1#N5;77.81;85.33;0.226581129609435;0.0948969687440562;0.17563727522024;0;0.00188831706177547;9.64838587791336;N5;21;NA;21;0;NA;plate1;V8;VFP;21;0.246143702358172
plate2#A12;77.83;85.33;0.221261157649262;0.0943605855716986;0.160310162464933;0;0.00571065823468972;5.14190869562415;A12;G3-N21;NA;N21;3;NA;plate2;V8;VFP;21;0.226415809592554
plate2#A15;78;85;0.242337342336813;0.110406906497116;0.181822753037557;0;0;5.08904264551855;A15;G6-Z23;NA;Z23;6;NA;plate2;V8;RA;23&24;0.253903142169142
plate2#A16;78.06;85.36;0.233103010142561;0.104344666458062;0.166369231631832;0;0;5.1571709124773;A16;G3-N23;NA;N23;3;NA;plate2;V8;RA;23&24;0.234307134768133
plate2#A19;77.54;85;0.321654205614489;0.195006315297303;0.25609966895788;0;0.00785617222566245;5.53691572055656;A19;G6-N19;NA;N19;6;NA;plate2;V8;DW;19;0.340706927360796
plate2#A24;77.6;85.53;0.25606034879417;0.125807805191038;NA;0;0;5.08625226245708;A24;G3-Z24;NA;Z24;3;NA;plate2;V8;RA;23&24;NA
plate2#A3;77.74;85;0.254862291191854;0.134178741960197;0.192917043744656;0;0.0051671559451197;6.5269188776088;A3;G6-Z22;NA;Z22;6;NA;plate2;V8;VFP;22;0.267586019256182
plate2#A5;77.83;85.36;0.250935582368139;0.120050279534592;0.19376210646855;0;0.00556391339032863;5.79055439106382;A5;G6-Z24;NA;Z24;6;NA;plate2;V8;RA;23&24;0.268617223994833
plate2#B1;77.57;85.47;0.24681106579104;0.111405193216682;0.16993677001972;0;0;5.75750076438376;B1;G6-N20;NA;N20;6;NA;plate2;V8;DW;20;0.238895460126704
plate2#B14;77.6;85.04;0.243734828934777;0.0986246049333366;0.173704902965154;0;0;5.67689957573711;B14;G3-Z19;NA;Z19;3;NA;plate2;V8;DW;19;0.243697684740396
plate2#B15;77.47;85.27;0.259725882949106;0.118442365943366;0.196036253842458;0;0.0159714083632898;4.47867860943626;B15;G3-Z22;NA;Z22;3;NA;plate2;V8;VFP;22;0.271385078654695
plate2#B20;77.07;85.27;0.312908242630687;0.15738515804916;0.249801979337233;0;0;6.58803325524899;B20;G6-Z24;NA;Z24;6;NA;plate2;V8;RA;23&24;0.333793622609199
plate2#B9;77.23;85.04;0.285378981623946;0.110641899543193;0.216931681195773;0;0.00283056455909078;4.78244024695455;B9;G6-Z21;NA;Z21;6;NA;plate2;V8;VFP;21;0.296340211017298
plate2#C11;76.98;83.95;1;1;1;0;0;5.75682767350249;C11;8-100%;calib;8-100%;NA;100%;plate2;V8;NA;NA;0.995889640434966
plate2#C14;78.03;85;0.24867050307967;0.121973155064315;0.183256589951856;0;0;4.68624224389473;C14;G6-N20;NA;N20;6;NA;plate2;V8;DW;20;0.255687560846857
plate2#C17;77.44;85.04;0.29132958515427;0.15542679683926;0.227229269471946;0;0;5.49090820086914;C17;G3-N19;NA;N19;3;NA;plate2;V8;DW;19;0.308316039240994
plate2#C20;78.21;85.36;0.222753669428539;0.103992477853169;0.165217923694532;0;0;6.06837480454998;C20;G6-N21;NA;N21;6;NA;plate2;V8;VFP;21;0.232817399150021
plate2#C22;77.47;85.44;0.24881711576236;0.118205767977724;0.181127389330788;0;0;5.90172812264303;C22;G3-Z21;NA;Z21;3;NA;plate2;V8;VFP;21;0.25303590141105
plate2#C23;78.03;85.47;0.223483281071502;0.0942825662234009;0.159621882169141;0;0;6.21052183258038;C23;G6-Z19;NA;Z19;6;NA;plate2;V8;DW;19;0.225511248543855
plate2#C3;77.77;85.38;0.228247520943876;0.0989150189755625;0.163866605951511;0;0;6.83048965168228;C3;G3-Z22;NA;Z22;3;NA;plate2;V8;VFP;22;0.231063119137583
plate2#C5;77.88;85.36;0.221462872161294;0.103649444362309;0.161460858982326;0;0;7.1477148772048;C5;G3-N23;NA;N23;3;NA;plate2;V8;RA;23&24;0.227924335507094
plate2#C9;78.15;85;0.259990076836417;0.141854407870146;0.200172293444028;0;0;5.47335619312982;C9;G6-N19;NA;N19;6;NA;plate2;V8;DW;19;0.276392921732279
plate2#D12;77.77;85;0.235362677591998;0.128505345905212;0.181510361357649;0;0;4.88501287105862;D12;G6-N24;NA;N24;6;NA;plate2;V8;RA;23&24;0.253513686851983
plate2#D19;77.77;85;0.260822272308327;0.128022656636182;0.20773694210767;0;0.0099951248375003;6.54496772886892;D19;G6-Z21;NA;Z21;6;NA;plate2;V8;VFP;21;0.285465528018812
plate2#D4;77.88;85.33;0.226765882638103;0.11414791496695;0.170291003935;0;0.0061595882908514;7.0153855493692;D4;G3-Z23;NA;Z23;3;NA;plate2;V8;RA;23&24;0.239348797388983
plate2#D6;77.57;85;0.47843577923518;0.365416172085193;0.439735171539923;0;0.00507331750201651;6.86167486207272;D6;8-50%;calib;8-50%;NA;50%;plate2;V8;NA;NA;0.499547052280354
plate2#E12;77.74;85;0.204118434425215;0.0785848730200602;0.14514242303944;0;0;5.26527787181731;E12;G6-N22;NA;N22;6;NA;plate2;V8;VFP;22;0.206092660981932
plate2#E14;77.32;85;0.250900005081431;0.117021581518345;0.197310216090081;0;0;5.18259201210512;E14;G3-Z24;NA;Z24;3;NA;plate2;V8;RA;23&24;0.27293111534994
plate2#E19;78.66;85.53;0;0;0;0;0.00530281668245369;7.115670652025;E19;8-0%;calib;8-0%;NA;0%;plate2;V8;NA;NA;-0.00550094891728664
plate2#E20;78;85.04;0.475815737349499;0.357632276076212;0.428731946811815;0;0;6.69368787103397;E20;8-50%;calib;8-50%;NA;50%;plate2;V8;NA;NA;0.492576882384759
plate2#E21;77.68;85.38;0.233018460554607;0.0950735228847918;NA;0;0.00496063610805611;6.40089979380736;E21;G3-Z20;NA;Z20;3;NA;plate2;V8;DW;20;NA
plate2#E23;77.66;85.53;0.23687682358488;0.089276643468346;0.186017187376031;0;0.00091486096215119;6.3668914340154;E23;G3-Z23;NA;Z23;3;NA;plate2;V8;RA;23&24;0.259109162747622
plate2#E6;78;85.04;0.227394369856755;0.102008228420453;0.166112602599784;0;0;7.04454626588475;E6;G6-Z23;NA;Z23;6;NA;plate2;V8;RA;23&24;0.233975455808774
plate2#F1;77.66;85.36;0.261873011465966;0.132952539756336;0.207991546692246;0;0.00910663966405156;7.18717572215548;F1;G6-Z21;NA;Z21;6;NA;plate2;V8;VFP;21;0.285768923034321
plate2#F13;77.38;84.86;0.257952393497518;0.137855315302081;NA;0;0.00678992375904429;5.02269573917494;F13;G6-Z24;NA;Z24;6;NA;plate2;V8;RA;23&24;NA
plate2#F14;78.18;85;0.204373777908196;0.0819696169953102;0.143673042195542;0;0;5.71676360057032;F14;G3-Z21;NA;Z21;3;NA;plate2;V8;VFP;21;0.204082181986032
plate2#F16;77.23;85;0.268156461101549;0.111050062845134;NA;0;0;5.03472491872813;F16;G6-N24;NA;N24;6;NA;plate2;V8;RA;23&24;NA
plate2#G10;78.46;85.44;0;0;0;0;0;5.84832816307557;G10;8-0%;calib;8-0%;NA;0%;plate2;V8;NA;NA;-0.00550094891728664
plate2#G19;77.47;85.07;0.275103067467708;0.137154994467526;0.209341771075772;0;0.00387826260742512;6.10537712046336;G19;G6-N23;NA;N23;6;NA;plate2;V8;RA;23&24;0.287375742614707
plate2#G20;78.31;85.38;0.197890229736854;0.0856785232392395;0.155553670832932;0;0.00280081286268542;6.11952182394106;G20;G3-N22;NA;N22;3;NA;plate2;V8;VFP;22;0.220130143050924
plate2#G5;77.57;85.04;0.261334462938349;0.132150306606293;0.197448877389066;0;0;5.93113019870833;G5;G6-N24;NA;N24;6;NA;plate2;V8;RA;23&24;0.273099198799322
plate2#G6;77.41;85.33;0.219512107912825;0.0702357674056296;NA;0;0;5.97206525411533;G6;G3-N22;NA;N22;3;NA;plate2;V8;VFP;22;NA
plate2#G9;77.68;85;0.262186370146285;0.140248761435965;0.201407128370273;0;0;5.91323052554698;G9;G3-N19;NA;N19;3;NA;plate2;V8;DW;19;0.277881582081576
plate2#H1;78.15;85.38;0.208018919800192;0.0879854709601166;0.147024511516058;0;0.00456716414858408;7.30505772066192;H1;G3-Z21;NA;Z21;3;NA;plate2;V8;VFP;21;0.208657609985883
plate2#H19;78;85.38;0.243164898102164;0.106283968149501;NA;0;0.00281483598102007;6.13781276225977;H19;G3-N24;NA;N24;3;NA;plate2;V8;RA;23&24;NA
plate2#H23;77.23;85.44;0.259905610426453;0.118877727744375;0.196137074811406;0;0;6.68928734653609;H23;G6-Z20;NA;Z20;6;NA;plate2;V8;DW;20;0.271507547723303
plate2#H24;77.83;85.47;0.233481803965387;0.106274662497398;0.171252810676853;0;0.00202934032346351;6.4816331656036;H24;G6-Z22;NA;Z22;6;NA;plate2;V8;VFP;22;0.240577678328587
plate2#H6;78.15;85.38;0.203958111413286;0.101937236448071;0.165728873961301;0;0.00288126874060721;5.9877312869705;H6;G3-N20;NA;N20;3;NA;plate2;V8;DW;20;0.233479094954608
plate2#H9;77.74;85;0.202324752197838;0.0875011607032337;0.148864918803559;0;0;5.82047293796635;H9;G6-N21;NA;N21;6;NA;plate2;V8;VFP;21;0.211154409558253
plate2#I11;76.95;85.04;0.26408224486543;0.135105261809194;0.200708052409957;0;0;6.25538782273668;I11;G3-N24;NA;N24;3;NA;plate2;V8;RA;23&24;0.27703917377893
plate2#I13;77.2;85;0.249265370577652;0.0951017164126801;0.170183019186808;0;0;5.44864307041924;I13;G3-Z23;NA;Z23;3;NA;plate2;V8;RA;23&24;0.23921064441606
plate2#I14;77.66;84.84;0.850335234035676;0.802572001974474;0.84112198674265;0;0;5.53062246368675;I14;8-75%;calib;8-75%;NA;75%;plate2;V8;NA;NA;0.765337401369769
plate2#I17;77.44;85.33;0.23237926471844;0.100989845255899;NA;0;0.00348821085631919;6.45499121090941;I17;G3-Z19;NA;Z19;3;NA;plate2;V8;DW;19;NA
plate2#I20;77.47;85.44;0.252060549058174;0.127286760532146;0.194123002194794;0;0;6.50267856299012;I20;G3-Z24;NA;Z24;3;NA;plate2;V8;RA;23&24;0.269057166976109
plate2#J13;77.66;85;0.209278370415891;0.0947274626309475;0.148014191382424;0;0;5.75301678640817;J13;G3-N20;NA;N20;3;NA;plate2;V8;DW;20;0.210001676330627
plate2#J16;76.95;84.54;1;1;1;0;0;5.97935886698359;J16;8-100%;calib;8-100%;NA;100%;plate2;V8;NA;NA;0.995889640434966
plate2#J19;78.08;84.95;0.828541440533665;0.779850541200351;0.818000011596077;0;0;6.71874696047559;J19;8-75%;calib;8-75%;NA;75%;plate2;V8;NA;NA;0.740495551823667
plate2#J2;77.47;85.33;0.254686806328439;0.108980497120413;0.18112596044515;0;0.00182477702400094;7.22685148131073;J2;G6-Z19;NA;Z19;6;NA;plate2;V8;DW;19;0.253034118070777
plate2#J22;77.74;85.44;0.224633277064163;0.109298411958299;0.169731115307485;0;0.00541435334796358;6.7312589520562;J22;G3-N20;NA;N20;3;NA;plate2;V8;DW;20;0.238632085552417
plate2#J24;78;85.44;0.235374635027595;0.128361158681825;0.178098680303326;0;0.000913737574904578;6.61575565727765;J24;G3-N19;NA;N19;3;NA;plate2;V8;DW;19;0.249243868391992
plate2#J5;77.88;85.27;0.195621862545198;0.0817943586326439;0.13152548270265;0;0.00196323560831759;6.07399956067646;J5;G6-N21;NA;N21;6;NA;plate2;V8;VFP;21;0.187211309799468
plate2#J6;77.94;85.33;0.223302417281067;0.110250586559992;0.161498783092966;0;0.00934351780075984;6.31852238885297;J6;8-25%;calib;8-25%;NA;25%;plate2;V8;NA;NA;0.227973972854494
plate2#K11;77.57;85;0.233440193858346;0.105318932398402;0.171207647595855;0;0.00529631139311563;5.50112071797637;K11;G6-Z19;NA;Z19;6;NA;plate2;V8;DW;19;0.240520039569857
plate2#K16;77.74;85.04;0.209161586219301;0.0724106673009204;NA;0;0.00466467571368647;5.91553320446459;K16;G6-N22;NA;N22;6;NA;plate2;V8;VFP;22;NA
plate2#K17;77.57;85.33;0.225099928212444;0.0936931853224877;0.15743157172237;0;0;6.5412648949923;K17;G3-N21;NA;N21;3;NA;plate2;V8;VFP;21;0.22262143613085
plate2#K2;77.47;84.36;1;1;1;0;0;7.97296464779423;K2;8-100%;calib;8-100%;NA;100%;plate2;V8;NA;NA;0.995889640434966
plate2#K24;78.18;85.44;0.225545862194314;0.112950778858056;0.160918958901553;0;0.00447033398555241;6.22794077619238;K24;G6-N20;NA;N20;6;NA;plate2;V8;DW;20;0.22721450731672
plate2#K6;77.74;84.95;0.817333860447017;0.767050405848601;0.806349454094099;0;0;7.47428564164257;K6;8-75%;calib;8-75%;NA;75%;plate2;V8;NA;NA;0.728896787690211
plate2#K7;78.61;85.38;0;0;0;0;0.005250914066161;7.18232949203544;K7;8-0%;calib;8-0%;NA;0%;plate2;V8;NA;NA;-0.00550094891728664
plate2#K8;77.6;85.33;0.220464655793798;0.0931586490913882;0.154018024338498;0;0.00343063432850842;6.3354564868531;K8;8-25%;calib;8-25%;NA;25%;plate2;V8;NA;NA;0.218083481828062
plate2#L11;77.17;85;0.245498202015667;0.0881605436505885;0.166652101157942;0;0;6.16232034336091;L11;G3-N23;NA;N23;3;NA;plate2;V8;RA;23&24;0.23467247281785
plate2#L15;78;85;0.219783584484666;0.0928233299674366;0.157644461397178;0;0;5.75146927891892;L15;G3-Z22;NA;Z22;3;NA;plate2;V8;VFP;22;0.222903066263072
plate2#L16;77.83;85.04;0.250451588425063;0.142643141331471;0.196751007618362;0;0;5.44712670559809;L16;G6-Z22;NA;Z22;6;NA;plate2;V8;VFP;22;0.272252870662517
plate2#L19;77.54;85.27;0.262648545177707;0.127665938508991;0.197379194120106;0;0.00661592644912804;5.98673005340692;L19;8-25%;calib;8-25%;NA;25%;plate2;V8;NA;NA;0.273014734291298
plate2#L2;77.68;85.07;0.292016123187433;0.168308871139788;0.23443760432802;0;0;7.71577155236794;L2;G6-N19;NA;N19;6;NA;plate2;V8;DW;19;0.316568942181847
plate2#L24;77.54;85.38;0.264249076864018;0.12482557737045;0.188436080194625;0;0.00521591650670542;5.53354868540415;L24;G6-Z23;NA;Z23;6;NA;plate2;V8;RA;23&24;0.262092802267963
plate2#M10;77.41;85.07;0.248841969172843;0.121985228399038;0.191817272530027;0;0;5.31321789597896;M10;G6-Z20;NA;Z20;6;NA;plate2;V8;DW;20;0.266241777693659
plate2#M11;77.66;85;0.229139867387543;0.11197675873726;0.170462739711547;0;0;5.29158466750826;M11;G6-N23;NA;N23;6;NA;plate2;V8;RA;23&24;0.2395684353409
plate2#M3;77.77;85.33;0.217493867120077;0.0980547078176446;0.153050863225055;0;0.00465300238522659;7.47178446918755;M3;G3-Z20;NA;Z20;3;NA;plate2;V8;DW;20;0.216790124829218
plate2#M4;77.88;85.33;0.217453400859257;0.0914331426195795;0.160441508519755;0;0;7.85636229410768;M4;G3-Z19;NA;Z19;3;NA;plate2;V8;DW;19;0.226588237641955
plate2#M9;77.38;85.27;0.208779079453521;0.0552639154410014;0.160981061139642;0;0;5.0875964932582;M9;G3-N22;NA;N22;3;NA;plate2;V8;VFP;22;0.227295907101513
plate2#N2;78.15;85.44;0.227658133921471;0.106389711133366;0.164265252884984;0;0;8.44482938856363;N2;G3-N24;NA;N24;3;NA;plate2;V8;RA;23&24;0.231581292543774
plate2#N3;77.68;85.47;0.22690780350849;0.0990050976910649;0.171741027119709;0;0.00053842771589816;8.19327553597922;N3;G3-N21;NA;N21;3;NA;plate2;V8;VFP;21;0.241200351371974
plate2#N4;77.74;85.27;0.250573735825915;0.107650098295605;0.179969883916635;0;0;8.15495621624434;N4;G6-Z20;NA;Z20;6;NA;plate2;V8;DW;20;0.251589531931307
plate2#N5;77.88;85.27;0.223424118132743;0.117448881345091;0.168191707063922;0;0.00198663037583725;8.25948290121389;N5;G6-N22;NA;N22;6;NA;plate2;V8;VFP;22;0.23665628454279
plate2#N6;78.03;85.27;0.235978873616574;0.110520414156446;0.180598737330124;0;0;8.20368882951244;N6;G6-N23;NA;N23;6;NA;plate2;V8;RA;23&24;0.252375751605244
plate2#N9;77.29;84.95;0.464418913478993;0.344994534614937;0.421611069064536;0;0.00192026318174633;5.78676097248869;N9;8-50%;calib;8-50%;NA;50%;plate2;V8;NA;NA;0.487894657190266
